<?xml version="1.0" encoding="utf-8"?>
<!DOCTYPE hibernate-mapping PUBLIC "-//Hibernate/Hibernate Mapping DTD 3.0//EN"
"http://hibernate.sourceforge.net/hibernate-mapping-3.0.dtd">
<!-- 
    Mapping file autogenerated by MyEclipse Persistence Tools
-->
<hibernate-mapping>
    <class name="com.ai.bdx.frame.privilegeServiceExt.model.privilege.TdEparchyCityMcd" table="TD_EPARCHY_CITY_MCD">
        <comment>地市对象列表</comment>
        <id name="eparchyId" type="java.lang.String">
            <column name="EPARCHY_ID" length="2" />
            <generator class="assigned" />
        </id>
        <property name="eparchyCode" type="java.lang.String">
            <column name="EPARCHY_CODE" length="4" not-null="true" />
        </property>
        <property name="eparchyName" type="java.lang.String">
            <column name="EPARCHY_NAME" length="20" />
        </property>
        <property name="rehandleFlag" type="java.lang.String">
            <column name="REHANDLE_FLAG" length="1" />
        </property>
        <property name="freqFlag" type="java.lang.String">
            <column name="FREQ_FLAG" length="20" />
        </property>
        <property name="orderId" type="java.lang.String">
            <column name="ORDER_ID" length="2" />
        </property>
    </class>
</hibernate-mapping>
