<?xml version="1.0"?>
<!DOCTYPE hibernate-mapping PUBLIC "-//Hibernate/Hibernate Mapping DTD 3.0//EN"
"http://hibernate.sourceforge.net/hibernate-mapping-3.0.dtd">
<!-- Mapping file autogenerated by MyEclipse - Hibernate Tools -->
<hibernate-mapping>
	<class name="com.ai.bdx.frame.approval.model.DimCampsegStat" table="DIM_CAMPSEG_STAT">
		<id name="campsegStatId" type="java.lang.Short">
			<column name="CAMPSEG_STAT_ID" />
			<generator class="assigned"></generator>
		</id>
		<property name="campsegStatName" type="java.lang.String">
			<column name="CAMPSEG_STAT_NAME" length="32" />
		</property>
		<property name="campsegStatVisible" type="java.lang.Short">
			<column name="campseg_stat_visible" />
		</property>
		<property name="campsegStatDesc" type="java.lang.String">
			<column name="CAMPSEG_STAT_DESC" length="512" />
		</property>
	</class>
</hibernate-mapping>
