<?xml version="1.0"?>
<!DOCTYPE hibernate-mapping PUBLIC "-//Hibernate/Hibernate Mapping DTD 3.0//EN"
"http://hibernate.sourceforge.net/hibernate-mapping-3.0.dtd">
<!-- 
    Mapping file autogenerated by MyEclipse - Hibernate Tools
-->
<hibernate-mapping>
    <class name="com.ai.bdx.frame.approval.model.DimColumnClass" table="AP_COLUMN_CLASS">
        <id name="classId" type="java.lang.Short">
            <column name="CLASS_ID" />
            <generator class="assigned"></generator>
        </id>
        <property name="className" type="java.lang.String">
            <column name="CLASS_NAME" length="50" />
        </property>
    </class>
</hibernate-mapping>
