<?xml version="1.0" encoding="utf-8"?>
<!DOCTYPE hibernate-mapping PUBLIC "-//Hibernate/Hibernate Mapping DTD 3.0//EN"
"http://hibernate.sourceforge.net/hibernate-mapping-3.0.dtd">
<!-- 
    Mapping file autogenerated by MyEclipse Persistence Tools
-->
<hibernate-mapping>
    <class name="com.ai.bdx.frame.approval.model.DimChannelUserRelation" table="AP_CHANNEL_USER_RELATION">
        <composite-id name="id" class="com.ai.bdx.frame.approval.model.DimChannelUserRelationId">
            <key-property name="channeltypeId" type="java.lang.Short">
                <column name="CHANNELTYPE_ID" />
            </key-property>
            <key-property name="channelId" type="java.lang.String">
                <column name="CHANNEL_ID" length="32" />
            </key-property>
            <key-property name="userId" type="java.lang.String">
                <column name="USER_ID" length="32" />
            </key-property>
            <key-property name="confirmType" type="java.lang.Short">
                <column name="CONFIRM_TYPE" />
            </key-property>
        </composite-id>
       <property name="resourceId" type="int" >
               <column name="resource_id"/>
        </property>
    </class>
</hibernate-mapping>
