<?xml version="1.0" encoding="utf-8"?>
<!DOCTYPE hibernate-mapping PUBLIC "-//Hibernate/Hibernate Mapping DTD 3.0//EN"
"http://hibernate.sourceforge.net/hibernate-mapping-3.0.dtd">
<!-- Mapping file autogenerated by MyEclipse Persistence Tools -->
<hibernate-mapping>
	<class name="com.ai.bdx.frame.approval.model.DimDrvRoleManager"
		table="DIM_DRV_ROLE_MANAGER">
		<composite-id name="id"
			class="com.ai.bdx.frame.approval.model.DimDrvRoleManagerId">
			<key-property name="campDrvId" type="java.lang.Short">
				<column name="CAMP_DRV_ID" precision="22" scale="0" />
			</key-property>
			<key-property name="roleId" type="java.lang.String">
				<column name="ROLE_ID" length="100" />
			</key-property>
		</composite-id>
		<property name="accessToken" type="java.lang.Short">
			<column name="ACCESS_TOKEN" precision="22" scale="0" />
		</property>
		<property name="roleFlag" type="java.lang.Short">
			<column name="ROLE_FLAG" precision="22" scale="0" />
		</property>
	</class>
</hibernate-mapping>
