<?xml version="1.0" encoding="utf-8"?>
<!DOCTYPE hibernate-mapping PUBLIC "-//Hibernate/Hibernate Mapping DTD 3.0//EN"
"http://hibernate.sourceforge.net/hibernate-mapping-3.0.dtd">
	<!--
		Mapping file autogenerated by MyEclipse Persistence Tools
	-->
<hibernate-mapping>
	<class name="com.ai.bdx.frame.approval.model.DimDeptFlowRelation" table="AP_DEPT_FLOW_RELATION">
		<composite-id name="id" class="com.ai.bdx.frame.approval.model.DimDeptFlowRelationId">
			<key-property name="cityId" type="java.lang.String">
				<column name="CITY_ID" length="8" />
			</key-property>
			<key-property name="deptId" type="java.lang.String">
				<column name="DEPT_ID" length="8" />
			</key-property>
			<key-property name="campDrvId" type="java.lang.String">
				<column name="CAMP_DRV_ID" />
			</key-property>
			<key-property name="relationType" type="java.lang.String">
				<column name="RELATION_TYPE" />
			</key-property>
			
			<key-property name="approveFlowId" type="java.lang.String">
				<column name="APPROVE_FLOW_ID" />
			</key-property>
			
			<key-property name="flow_type" type="java.lang.String">
				<column name="APPR_FLOW_TPYE" />
			</key-property>
		</composite-id>
	</class>
</hibernate-mapping>
