<?xml version="1.0" encoding="utf-8"?>
<!DOCTYPE hibernate-mapping PUBLIC "-//Hibernate/Hibernate Mapping DTD 3.0//EN"
"http://hibernate.sourceforge.net/hibernate-mapping-3.0.dtd">
<!-- Mapping file autogenerated by MyEclipse Persistence Tools -->
<hibernate-mapping>
	<class name="com.ai.bdx.frame.approval.model.DimMtlChannel" table="ap_mtl_channel">
		<id name="channelId" type="java.lang.String">
			<column name="CHANNEL_ID" length="20" />
			<generator class="assigned" />
		</id>
		<property name="channeltypeId" type="java.lang.Short">
			<column name="CHANNELTYPE_ID" />
		</property>
		<property name="channelName" type="java.lang.String">
			<column name="CHANNEL_NAME" length="32" not-null="true" />
		</property>
		<property name="campId" type="java.lang.String">
			<column name="parent_id" length="32" />
		</property>
		<property name="createUser" type="java.lang.String">
			<column name="CREATE_USER" length="32" />
		</property>
	</class>
</hibernate-mapping>
