<?xml version="1.0" encoding="utf-8"?>
<!DOCTYPE hibernate-mapping PUBLIC "-//Hibernate/Hibernate Mapping DTD 3.0//EN"
"http://hibernate.sourceforge.net/hibernate-mapping-3.0.dtd">
<!-- 
    Mapping file autogenerated by MyEclipse Persistence Tools
-->
<hibernate-mapping>
    <class name="com.ai.bdx.frame.approval.model.DimMtlChanneltype" table="AP_MTL_CHANNELTYPE">
        <id name="channeltypeId" type="java.lang.Short">
            <column name="CHANNELTYPE_ID" />
            <generator class="assigned" />
        </id>
        <property name="channeltypeName" type="java.lang.String">
            <column name="CHANNELTYPE_NAME" length="20" not-null="true" />
        </property>
        <property name="activeFlag" type="java.lang.Short">
            <column name="ACTIVE_FLAG" />
        </property>
        <property name="contactType" type="java.lang.Integer">
            <column name="CONTACT_TYPE" />
        </property>
        <property name="autoSendOdd" type="java.lang.Integer">
            <column name="AUTO_SENDODD" />
        </property>
        <property name="initiativeType" type="java.lang.Integer">
        	<column name="INITIATIVE_TYPE" />
        </property>
        <property name="displayOrder" type="java.lang.Integer">
        	<column name="DISPLAY_ORDER" />
        </property>
    </class>
</hibernate-mapping>
