<?xml version="1.0"?>
<!DOCTYPE hibernate-mapping PUBLIC "-//Hibernate/Hibernate Mapping DTD 3.0//EN"
"http://hibernate.sourceforge.net/hibernate-mapping-3.0.dtd">
<!-- 
    Mapping file autogenerated by MyEclipse - Hibernate Tools
-->
<hibernate-mapping>
    <class name="com.ai.bdx.frame.approval.model.DimPubChanneltype" table="AP_MTL_CHANNELTYPE">
        <id name="channeltypeId" type="java.lang.Integer">
            <column name="CHANNELTYPE_ID" />
            <generator class="assigned"></generator>
        </id>
        <property name="activeFlag" type="java.lang.Short">
            <column name="ACTIVE_FLAG" />
        </property>
        <property name="channeltypeName" type="java.lang.String">
            <column name="CHANNELTYPE_NAME" length="20" />
        </property>
    </class>
</hibernate-mapping>
