<?xml version="1.0"?>
<!DOCTYPE hibernate-mapping PUBLIC "-//Hibernate/Hibernate Mapping DTD 3.0//EN"
"http://hibernate.sourceforge.net/hibernate-mapping-3.0.dtd">
<!-- 
    Mapping file autogenerated by MyEclipse - Hibernate Tools
-->
<hibernate-mapping>

    <class name="com.ai.bdx.frame.approval.model.MtlApproveResourceType" table="ap_approve_resource_type">
        <id name="resourceId" type="java.lang.Integer">
               <column name="resource_id" />        
            <generator class="assigned"></generator>
        </id>
        <property name="resourceName" type="java.lang.String" >
                   <column name="resource_name" length="64"/>
        </property>
        <property name="resourceDesc" type="java.lang.String" >
                   <column name="resource_desc" length="200"/>
        </property>
          <property name="resourceFlag" type="java.lang.Short" >
                   <column name="resource_flag"/>
        </property>
    </class>
</hibernate-mapping>
