<?xml version="1.0"?>
<!DOCTYPE hibernate-mapping PUBLIC "-//Hibernate/Hibernate Mapping DTD 3.0//EN"
"http://hibernate.sourceforge.net/hibernate-mapping-3.0.dtd">
<!-- Mapping file autogenerated by MyEclipse - Hibernate Tools -->
<hibernate-mapping>
	<class name="com.ai.bdx.frame.approval.model.MtlApproveTriggerCondIndi"
		table="AP_APPROVE_TRIGGER_COND_INDI">
		<id name="condIndiId" type="java.lang.String">
			<column name="COND_INDI_ID" length="20" />
			<generator class="assigned" />
		</id>
		<property name="condIndiName" type="java.lang.String">
			<column name="COND_INDI_NAME" length="20" not-null="true" />
		</property>
		<property name="condIndiDesc" type="java.lang.String">
			<column name="COND_INDI_DESC" length="20" />
		</property>
	</class>
</hibernate-mapping>
