<?xml version="1.0"?>
<!DOCTYPE hibernate-mapping PUBLIC "-//Hibernate/Hibernate Mapping DTD 3.0//EN"
"http://hibernate.sourceforge.net/hibernate-mapping-3.0.dtd">
<!-- Mapping file autogenerated by MyEclipse - Hibernate Tools -->
<hibernate-mapping>
	<class name="com.ai.bdx.frame.approval.model.MtlApproveLevelDef"
		table="AP_APPROVE_LEVEL_DEF">
		<composite-id name="id"
			class="com.ai.bdx.frame.approval.model.MtlApproveLevelDefId">
			<key-property name="approveLevel" type="java.lang.Integer">
				<column name="APPROVE_LEVEL" />
			</key-property>
			<key-property name="approveFlowId" type="java.lang.String">
				<column name="APPROVE_FLOW_ID" length="32" />
			</key-property>
			<key-property name="approveObjType" type="java.lang.Integer">
				<column name="APPROVE_OBJ_TYPE" not-null="true" />
			</key-property>
			<key-property name="approveObjId" type="java.lang.String">
				<column name="APPROVE_OBJ_ID" length="20" not-null="true" />
			</key-property>
		</composite-id>
		<property name="authFlag" type="java.lang.Integer">
			<column name="AUTH_FLAG" length="16" not-null="true" />
		</property>
         <!-- 
		<set name="approveFlowLevelConds" lazy="true" inverse="true"
			cascade="none" order-by="APPROVE_TRIGGER_COND_PRI asc">
			<key>
				<column name="APPROVE_FLOW_ID" />
				<column name="APPROVE_LEVEL" />
			</key>
			<one-to-many
				class="com.ai.bdx.frame.approval.model.MtlApproveTriggerCondDef" />
		</set>
		 -->
	</class>
</hibernate-mapping>
