<?xml version="1.0"?>
<!DOCTYPE hibernate-mapping PUBLIC "-//Hibernate/Hibernate Mapping DTD 3.0//EN"
"http://hibernate.sourceforge.net/hibernate-mapping-3.0.dtd">
<!-- 
    Mapping file autogenerated by MyEclipse - Hibernate Tools
-->
<hibernate-mapping>
    <class name="com.ai.bdx.frame.approval.model.MtlApproveContentSend" table="AP_APPROVE_CONTENT_SEND">
        <id name="contentId" type="java.lang.String">
            <column name="CONTENT_ID" length="32" />
            <generator class="uuid.hex"></generator>
        </id>
        <property name="campsegId" type="java.lang.String">
            <column name="CAMPSEG_ID" length="32" not-null="false" />
        </property>
        <property name="createUserid" type="java.lang.String">
            <column name="CREATE_USERID" length="18"  />
        </property>
        <property name="campId" type="java.lang.String">
            <column name="CAMP_ID" length="32"  />
        </property>
        <property name="approveUserid" type="java.lang.String">
            <column name="APPROVE_USERID" length="18"  />
        </property>
        <property name="contentDesc" type="java.lang.String">
            <column name="CONTENT_DESC" length="4000" />
        </property>
        <property name="createTime" type="java.util.Date">
            <column name="CREATE_TIME" length="26"  />
        </property>
        <property name="contentType" type="java.lang.Short">
            <column name="CONTENT_TYPE"  />
        </property>
        <property name="sendFlag" type="java.lang.Integer">
            <column name="SEND_FLAG" />
        </property>
        <property name="sendAddress" type="java.lang.String">
            <column name="SEND_ADDRESS" length="128" />
        </property>
        <property name="sentTimes" type="java.lang.Short">
            <column name="SENT_TIMES" />
        </property>
        <property name="approveReceiveNums" type="java.lang.Short">
            <column name="APPROVE_RECEIVE_NUMS"  />
        </property>
        <property name="contentDesc2" type="java.lang.String">
            <column name="CONTENT_DESC2" length="4000" />
        </property>
    </class>
</hibernate-mapping>
