<?xml version="1.0"?>
<!DOCTYPE hibernate-mapping PUBLIC "-//Hibernate/Hibernate Mapping DTD 3.0//EN"
"http://hibernate.sourceforge.net/hibernate-mapping-3.0.dtd">
<!-- Mapping file autogenerated by MyEclipse - Hibernate Tools -->
<hibernate-mapping>
	<class name="com.ai.bdx.frame.approval.model.MtlApproveResult"
		table="MTL_APPROVE_RESULT">
		<composite-id name="id"
			class="com.ai.bdx.frame.approval.model.MtlApproveResultId">
			<key-property name="campsegId" type="java.lang.String">
				<column name="CAMPSEG_ID" length="32" />
			</key-property>
			<key-property name="approveUserid" type="java.lang.String">
				<column name="APPROVE_USERID" length="18" />
			</key-property>
			<key-property name="approveReceiveNums" type="java.lang.Short">
				<column name="APPROVE_RECEIVE_NUMS" />
			</key-property>
			<key-property name="approveSeq" type="java.lang.Short">
				<column name="APPROVE_SEQ" />
			</key-property>
		</composite-id>
		<property name="approveAdv" type="java.lang.String">
			<column name="APPROVE_ADV" length="1024" />
		</property>
		<property name="approveTime" type="java.util.Date">
			<column name="APPROVE_TIME" length="26" not-null="true" />
		</property>
		<property name="approveResult" type="java.lang.Short">
			<column name="APPROVE_RESULT" />
		</property>
		<property name="approveLevel" type="java.lang.Short">
			<column name="APPROVE_LEVEL" />
		</property>
	</class>
</hibernate-mapping>
