<?xml version="1.0"?>
<!DOCTYPE hibernate-mapping PUBLIC "-//Hibernate/Hibernate Mapping DTD 3.0//EN"
"http://hibernate.sourceforge.net/hibernate-mapping-3.0.dtd">
<!-- Mapping file autogenerated by MyEclipse - Hibernate Tools -->
<hibernate-mapping>
	<class name="com.ai.bdx.frame.approval.model.MtlApproveTriggerCondDef"
		table="AP_APPROVE_TRIGGER_COND_DEF">
		<composite-id name="id"
			class="com.ai.bdx.frame.approval.model.MtlApproveTriggerCondDefId">
			<key-property name="approveLevel" type="java.lang.Integer">
				<column name="APPROVE_LEVEL" />
			</key-property>
			<key-property name="approveFlowId" type="java.lang.String">
				<column name="APPROVE_FLOW_ID" length="32" />
			</key-property>
			<key-property name="approveTriggerCondId" type="java.lang.Integer">
				<column name="APPROVE_TRIGGER_COND_ID" />
			</key-property>
			<key-property name="condIndiId" type="java.lang.String">
				<column name="COND_INDI_ID" length="20" />
			</key-property>
		</composite-id>
		<property name="condOperator" type="java.lang.String">
			<column name="COND_OPERATOR" length="10" not-null="true" />
		</property>
		<property name="condIndiValue" type="java.lang.String">
			<column name="COND_INDI_VALUE" length="20" not-null="true" />
		</property>
		<property name="approveObjType" type="java.lang.Integer">
			<column name="APPROVE_OBJ_TYPE" not-null="true" />
		</property>
		<property name="approveObjId" type="java.lang.String">
			<column name="APPROVE_OBJ_ID" length="20" not-null="true" />
		</property>
		<property name="approveTriggerCondPri" type="java.lang.Integer">
			<column name="APPROVE_TRIGGER_COND_PRI" not-null="true" />
		</property>
	</class>
</hibernate-mapping>
