<?xml version="1.0"?>
<!DOCTYPE hibernate-mapping PUBLIC "-//Hibernate/Hibernate Mapping DTD 3.0//EN"
"http://hibernate.sourceforge.net/hibernate-mapping-3.0.dtd">
<!-- Mapping file autogenerated by MyEclipse - Hibernate Tools -->
<hibernate-mapping>
	<class name="com.ai.bdx.frame.approval.model.MtlCampsegApproverList"
		table="AP_CAMPSEG_APPROVER_LIST">
		<composite-id name="id"
			class="com.ai.bdx.frame.approval.model.MtlCampsegApproverListId">
			<key-property name="campsegId" type="java.lang.String">
				<column name="CAMPSEG_ID" length="32" />
			</key-property>
			<key-property name="approveFlowId" type="java.lang.String">
				<column name="APPROVE_FLOW_ID" length="32" />
			</key-property>
			<key-property name="approveSeq" type="java.lang.Short">
				<column name="APPROVE_SEQ" />
			</key-property>
			<key-property name="approveLevel" type="java.lang.Short">
				<column name="APPROVE_LEVEL" />
			</key-property>
		</composite-id>
		<property name="approveUserid" type="java.lang.String">
			<column name="APPROVE_USERID" length="20" not-null="true" />
		</property>
		<property name="approveToken" type="java.lang.Short">
			<column name="APPROVE_TOKEN" not-null="true" />
		</property>
		<property name="updateTime" type="java.util.Date">
			<column name="update_time" />
		</property>
	</class>
</hibernate-mapping>
