<?xml version="1.0"?>
<!DOCTYPE hibernate-mapping PUBLIC "-//Hibernate/Hibernate Mapping DTD 3.0//EN"
"http://hibernate.sourceforge.net/hibernate-mapping-3.0.dtd">
<!-- Mapping file autogenerated by MyEclipse - Hibernate Tools -->
<hibernate-mapping>
	<class name="com.ai.bdx.frame.approval.model.MtlCampsegProgress"
		table="MTL_CAMPSEG_PROGRESS">
		<composite-id name="id"
			class="com.ai.bdx.frame.approval.model.MtlCampsegProgressId">
			<key-property name="campsegId" type="java.lang.String">
				<column name="CAMPSEG_ID" length="32" />
			</key-property>
			<key-property name="stepId" type="java.lang.Short">
				<column name="STEP_ID" />
			</key-property>
			<key-property name="flowId" type="java.lang.String">
				<column name="FLOW_ID" />
			</key-property>
		</composite-id>
		<property name="performTime" type="java.util.Date">
			<column name="PERFORM_TIME" length="26" not-null="true" />
		</property>
		<property name="performUserid" type="java.lang.String">
			<column name="PERFORM_USERID" length="18" />
		</property>
		<property name="performFlag" type="java.lang.Short">
			<column name="PERFORM_FLAG" />
		</property>
		<property name="proformResult" type="java.lang.String">
			<column name="PROFORM_RESULT" length="1024" />
		</property>
		<property name="campId" type="java.lang.String">
			<column name="CAMP_ID" length="32" />
		</property>
	</class>
</hibernate-mapping>
