<?xml version="1.0"?>
<!DOCTYPE hibernate-mapping PUBLIC "-//Hibernate/Hibernate Mapping DTD 3.0//EN"
"http://hibernate.sourceforge.net/hibernate-mapping-3.0.dtd">
<!-- 
    Mapping file autogenerated by MyEclipse - Hibernate Tools
-->
<hibernate-mapping>
    <class name="com.ai.bdx.frame.approval.model.MtlCostList" table="AP_COST_LIST">
        <id name="costCode" type="java.lang.Long">
        	<column name="COST_CODE" />
            <generator class="assigned"></generator>
        </id>
        <property name="costName" type="java.lang.String">
            <column name="COST_NAME" length="64" />
        </property>
        <property name="costDesc" type="java.lang.String">
            <column name="COST_DESC" length="1024" />
        </property>
        <property name="costType" type="java.lang.Long">
        	<column name="COST_TYPE" />
        </property>
    </class>
</hibernate-mapping>
