<?xml version="1.0"?>
<!DOCTYPE hibernate-mapping PUBLIC "-//Hibernate/Hibernate Mapping DTD 3.0//EN"
"http://hibernate.sourceforge.net/hibernate-mapping-3.0.dtd">
<!-- Mapping file autogenerated by MyEclipse - Hibernate Tools -->
<hibernate-mapping>
	<class name="com.ai.bdx.frame.approval.model.MtlCampDataSource"
		table="MTL_CAMP_DATA_SOURCE">
		<id name="sourceName" type="java.lang.String">
			<column name="SOURCE_NAME" length="32" />
			<generator class="assigned"></generator>
		</id>
		<property name="sourceCname" type="java.lang.String">
			<column name="SOURCE_CNAME" length="64" />
		</property>
		<property name="sourceDesc" type="java.lang.String">
			<column name="SOURCE_DESC" length="1024" />
		</property>
		<property name="sourceType" type="java.lang.String">
			<column name="SOURCE_TYPE" />
		</property>
		<property name="createTime" type="java.util.Date">
			<column name="CREATE_TIME" length="26" />
		</property>
		<property name="sourceStatus" type="java.lang.String">
			<column name="SOURCE_STATUS" />
		</property>
		<property name="cycleType" type="java.lang.Short">
			<column name="CYCLE_TYPE" />
		</property>
		<set name="columns" lazy="false" inverse="true" cascade="none"
			where="column_status=1" order-by="COLUMN_CNAME">
			<key>
				<column name="SOURCE_NAME" />
			</key>
			<one-to-many class="com.ai.bdx.frame.approval.model.MtlCampDatasrcColumn" />
		</set>
	</class>
</hibernate-mapping>
