<?xml version="1.0"?>
<!DOCTYPE hibernate-mapping PUBLIC "-//Hibernate/Hibernate Mapping DTD 3.0//EN"
"http://hibernate.sourceforge.net/hibernate-mapping-3.0.dtd">
<!-- Mapping file autogenerated by MyEclipse - Hibernate Tools -->
<hibernate-mapping>
	<class name="com.ai.bdx.frame.approval.model.MtlCampDatasrcColumn"
		table="MTL_CAMP_DATASRC_COLUMN">
		<composite-id name="id"
			class="com.ai.bdx.frame.approval.model.MtlCampDatasrcColumnId">
			<key-property name="columnName" type="java.lang.String">
				<column name="COLUMN_NAME" length="32" />
			</key-property>
			<key-property name="sourceName" type="java.lang.String">
				<column name="SOURCE_NAME" length="32" />
			</key-property>
			<key-property name="columnType" type="java.lang.String">
				<column name="COLUMN_TYPE" />
			</key-property>
		</composite-id>
		<property name="columnCname" type="java.lang.String">
			<column name="COLUMN_CNAME" length="32" />
		</property>
		<property name="columnClass" type="java.lang.String">
			<column name="COLUMN_CLASS" />
		</property>
		<property name="columnFlag" type="java.lang.String">
			<column name="COLUMN_FLAG" />
		</property>
		<property name="columnDesc" type="java.lang.String">
			<column name="COLUMN_DESC" length="400" />
		</property>
		<property name="columnDatatype" type="java.lang.String">
			<column name="COLUMN_DATATYPE" length="32" />
		</property>
		<property name="columnStatus" type="java.lang.Short">
			<column name="COLUMN_STATUS" />
		</property>
	</class>
</hibernate-mapping>
