<?xml version="1.0" encoding="utf-8"?>
<!DOCTYPE hibernate-mapping PUBLIC "-//Hibernate/Hibernate Mapping DTD 3.0//EN"
"http://hibernate.sourceforge.net/hibernate-mapping-3.0.dtd">
<!-- Mapping file autogenerated by MyEclipse Persistence Tools -->
<hibernate-mapping>
	<class name="com.ai.bdx.frame.approval.model.MtlCustGroup" table="MTL_CUST_GROUP">
		<id name="custGroupId" type="java.lang.String">
			<column name="CUST_GROUP_ID" length="32" />
			<generator class="com.ai.bdx.frame.approval.util.MpmCampsegIdGenerator"></generator>
		</id>
		<property name="custGroupName" type="java.lang.String">
			<column name="CUST_GROUP_NAME" length="40" not-null="true" />
		</property>
		<property name="createUserId" type="java.lang.String" update="false">
			<column name="CREATE_USER_ID" length="20" not-null="true" />
		</property>
		<property name="cityId" type="java.lang.String">
			<column name="CITY_ID" length="10" not-null="true" />
		</property>
		<property name="createDate" type="java.lang.String" update="false">
			<column name="CREATE_DATE" length="10" not-null="true" />
		</property>
		<property name="custGroupType" type="java.lang.Short" update="false">
			<column name="CUST_GROUP_TYPE" not-null="true" />
		</property>
		<property name="custGroupNum" type="java.lang.Integer"
			update="false">
			<column name="CUST_GROUP_NUM" />
		</property>
		<property name="custGroupSourceId" type="java.lang.String"
			update="false">
			<column name="CUST_GROUP_SOURCE_ID" length="32" />
		</property>
		<property name="activeTempletId" type="java.lang.String"
			update="false">
			<column name="ACTIVE_TEMPLET_ID" length="32" />
		</property>
		<property name="custBaseMonth" type="java.lang.String"
			update="false">
			<column name="CUST_BASE_MONTH" length="7" />
		</property>
		<property name="custBaseDay" type="java.lang.String" update="false">
			<column name="CUST_BASE_DAY" length="7" />
		</property>
		<property name="custGroupStatus" type="java.lang.Short"
			update="false">
			<column name="CUST_GROUP_STATUS" not-null="true" />
		</property>
		<property name="custGroupTabName" type="java.lang.String"
			update="false">
			<column name="CUST_GROUP_TAB_NAME" length="64" />
		</property>
		<property name="custGroupAccessToken" type="java.lang.Short">
			<column name="CUST_GROUP_ACCESS_TOKEN" not-null="true" />
		</property>
		<property name="custGroupDesc" type="java.lang.String">
			<column name="CUST_GROUP_DESC" length="4000" />
		</property>
		<property name="custTypeId" type="java.lang.Short">
			<column name="CUST_TYPE_ID" />
		</property>
		<property name="evaluateFlag" type="java.lang.Short">
			<column name="EVALUATE_FLAG" />
		</property>
	</class>
</hibernate-mapping>
