<?xml version="1.0"?>
<!DOCTYPE hibernate-mapping PUBLIC "-//Hibernate/Hibernate Mapping DTD 3.0//EN"
"http://hibernate.sourceforge.net/hibernate-mapping-3.0.dtd">
<!-- Mapping file autogenerated by MyEclipse - Hibernate Tools -->
<hibernate-mapping>
	<class name="com.ai.bdx.frame.approval.model.MtlCallwsLog" table="MTL_CALLWS_LOG">
		<id name="callwsId" type="java.lang.String">
			<column name="callws_id" length="32" />
			<generator class="uuid.hex"></generator>
		</id>
		<property name="callwsType" type="java.lang.Short">
			<column name="callws_type" />
		</property>
		<property name="campsegId" type="java.lang.String">
			<column name="campseg_id" length="32" />
		</property>
		<property name="channeltypeId" type="java.lang.Short">
			<column name="channeltype_id" />
		</property>
		<property name="channelId" type="java.lang.String">
			<column name="channel_id" length="32" />
		</property>
		<property name="callwsBeginDate" type="java.util.Date">
			<column name="callws_begin_date" length="26" />
		</property>
		<property name="callwsEndDate" type="java.util.Date">
			<column name="callws_end_date" length="26" />
		</property>
		<property name="callwsStatus" type="java.lang.Short">
			<column name="callws_status" />
		</property>
		<property name="callwsDesc" type="java.lang.String">
			<column name="callws_desc" length="1000" />
		</property>
	</class>
</hibernate-mapping>
