<?xml version="1.0" encoding="utf-8"?>
<!DOCTYPE hibernate-mapping PUBLIC "-//Hibernate/Hibernate Mapping DTD 3.0//EN"
"http://hibernate.sourceforge.net/hibernate-mapping-3.0.dtd">
<!-- 
    Mapping file autogenerated by MyEclipse Persistence Tools
-->
<hibernate-mapping>
    <class name="com.ai.bdx.frame.approval.model.MtlCampChanneltype" table="MTL_CAMP_CHANNELTYPE">
        <composite-id name="id" class="com.ai.bdx.frame.approval.model.MtlCampChanneltypeId">
            <key-property name="campId" type="java.lang.String">
                <column name="CAMP_ID" length="32" />
            </key-property>
            <key-property name="channeltypeId" type="java.lang.Short">
                <column name="CHANNELTYPE_ID" />
            </key-property>
            <key-property name="channelId" type="java.lang.String">
                <column name="CHANNEL_ID" length="20" />
            </key-property>
        </composite-id>
        <property name="startDate" type="java.lang.String">
            <column name="START_DATE" />
        </property>
        <property name="endDate" type="java.lang.String">
            <column name="END_DATE" />
        </property>
        <property name="useDesc" type="java.lang.String">
            <column name="USE_DESC" />
        </property>
        <property name="custNums" type="java.lang.Double">
            <column name="CUST_NUMS" />
        </property>
        <property name="custGotoneNums" type="java.lang.Double">
            <column name="CUST_GOTONE_NUMS" />
        </property>
        <property name="custMzoneNums" type="java.lang.Double">
            <column name="CUST_MZONE_NUMS" />
        </property>
        <property name="custScpNums" type="java.lang.Double">
            <column name="CUST_SCP_NUMS" />
        </property>
        <property name="callSuccessRate" type="java.lang.Integer">
            <column name="CALL_SUCCESS_RATE" />
        </property>
        <property name="questionFinishRate" type="java.lang.Integer">
            <column name="QUESTION_FINISH_RATE" />
        </property>
        <property name="wishCallCounts" type="java.lang.Short">
            <column name="WISH_CALL_COUNTS" />
        </property>
        <property name="questionDuration" type="java.lang.Integer">
            <column name="QUESTION_DURATION" />
        </property>
        <property name="campsegSuccessNums" type="java.lang.Integer">
            <column name="CAMPSEG_SUCCESS_NUMS" />
        </property>
        <property name="channelNo" type="java.lang.Short">
            <column name="channel_no" />
        </property>
    </class>
</hibernate-mapping>
