<?xml version="1.0" encoding='UTF-8'?>
<!DOCTYPE hibernate-mapping PUBLIC
                            "-//Hibernate/Hibernate Mapping DTD 3.0//EN"
                            "http://hibernate.sourceforge.net/hibernate-mapping-3.0.dtd" >

<!-- DO NOT EDIT: This is a generated file that is synchronized -->
<!-- by MyEclipse Hibernate tool integration.                   -->
<!-- Created Tue Jun 13 13:44:18 CST 2006                         -->
<hibernate-mapping package="com.ai.bdx.frame.approval.model">

    <class name="MtlDataExportItem" table="MTL_DATA_EXPORT_ITEM">
        <composite-id name="id" class="MtlDataExportItemKey">
            <key-property name="campDrvId" type="java.lang.Short">
                <column name="CAMP_DRV_ID"/>
            </key-property>
            <key-property name="columnName" type="java.lang.String">
                <column name="COLUMN_NAME" length="32" />
            </key-property>
            <key-property name="sourceName" type="java.lang.String">
                <column name="SOURCE_NAME" length="32" />
            </key-property>
        </composite-id>
        <property name="columnCname" type="java.lang.String">
            <column name="COLUMN_CNAME" length="32" />
        </property>
        <property name="columnDest" column="COLUMN_DEST" type="java.lang.Integer" />
        <property name="dimcolumnDescFlag" column="DIMCOLUMN_DESC_FLAG" type="java.lang.Short" />
        <property name="columnType" column="COLUMN_TYPE" type="java.lang.Short" />
    </class>
    
</hibernate-mapping>
