<?xml version="1.0" encoding="utf-8"?>
<!DOCTYPE hibernate-mapping PUBLIC "-//Hibernate/Hibernate Mapping DTD 3.0//EN"
"http://hibernate.sourceforge.net/hibernate-mapping-3.0.dtd">
<hibernate-mapping>
    <class name="com.ai.bdx.frame.approval.model.MtlProcBeat" table="MTL_PROC_BEAT">
        <composite-id name="id" class="com.ai.bdx.frame.approval.model.MtlProcBeatId">
            <key-property name="procId" type="java.lang.Integer">
                <column name="PROC_ID" />
            </key-property>
            <key-property name="programName" type="java.lang.String">
                <column name="PROGRAM_NAME" length="100" />
            </key-property>
            <key-property name="status" type="java.lang.Short">
                <column name="STATUS" />
            </key-property>
            <key-property name="startTime" type="java.util.Date">
                <column name="START_TIME" length="26" />
            </key-property>
            <key-property name="beatTime" type="java.util.Date">
                <column name="BEAT_TIME" length="26" />
            </key-property>
        </composite-id>
    </class>
</hibernate-mapping>
