<?xml version="1.0" encoding="utf-8"?>
<!DOCTYPE hibernate-mapping PUBLIC "-//Hibernate/Hibernate Mapping DTD 3.0//EN"
"http://hibernate.sourceforge.net/hibernate-mapping-3.0.dtd">
<hibernate-mapping>
	<class name="com.ai.bdx.frame.approval.model.MtlProcPop" table="MTL_PROC_POP">
		<composite-id name="id"
			class="com.ai.bdx.frame.approval.model.MtlProcPopId">
			<key-property name="procId" type="java.lang.Integer">
				<column name="PROC_ID" />
			</key-property>
			<key-property name="startTime" type="java.util.Date">
				<column name="START_TIME" length="26" />
			</key-property>
			<key-property name="popTime" type="java.util.Date">
				<column name="POP_TIME" length="26" />
			</key-property>
		</composite-id>
	</class>
</hibernate-mapping>
