<?xml version="1.0" encoding="utf-8"?>
<!DOCTYPE hibernate-mapping PUBLIC "-//Hibernate/Hibernate Mapping DTD 3.0//EN"
"http://hibernate.sourceforge.net/hibernate-mapping-3.0.dtd">
<!-- 
    Mapping file autogenerated by MyEclipse Persistence Tools
-->
<hibernate-mapping>
    <class name="com.ai.bdx.frame.approval.model.MtlPlanExecType" table="AP_PLAN_EXEC_TYPE">
        <id name="planExecId" type="java.lang.String">
            <column name="PLAN_EXEC_ID" />
        </id>
        <property name="planExecName" type="java.lang.String">
            <column name="PLAN_EXEC_NAME" length="50" />
        </property>
        <property name="planExecType" type="java.lang.Short">
            <column name="PLAN_EXEC_TYPE" not-null="true" />
        </property>
        <property name="planExecPeriod" type="java.lang.Short">
            <column name="PLAN_EXEC_PERIOD" />
        </property>
        <property name="planExecColumn" type="java.lang.String">
            <column name="PLAN_EXEC_COLUMN" length="32" not-null="true" />
        </property>
    </class>
</hibernate-mapping>
