<?xml version="1.0"?>
<!DOCTYPE hibernate-mapping PUBLIC "-//Hibernate/Hibernate Mapping DTD 3.0//EN"
"http://hibernate.sourceforge.net/hibernate-mapping-3.0.dtd">
<!-- Mapping file autogenerated by MyEclipse - Hibernate Tools -->
<hibernate-mapping>
	<class name="com.ai.bdx.frame.approval.model.MtlTempletActive"
		table="MTL_TEMPLET_ACTIVE">
		<id name="activeTempletId" type="java.lang.String">
			<column name="ACTIVE_TEMPLET_ID" length="32" />
			<generator class="uuid.hex"></generator>
		</id>
		<property name="atempletName" type="java.lang.String">
			<column name="ATEMPLET_NAME" length="20" />
		</property>
		<property name="createUserid" type="java.lang.String" update="false">
			<column name="CREATE_USERID" length="18" />
		</property>
		<property name="createTime" type="java.util.Date" update="false">
			<column name="CREATE_TIME" length="26" />
		</property>
		<property name="atempletDesc" type="java.lang.String">
			<column name="ATEMPLET_DESC" length="1024" />
		</property>
		<property name="atempletType" type="java.lang.Short" update="false">
			<column name="ATEMPLET_TYPE" />
		</property>
		<set name="fields" lazy="false" inverse="true" cascade="none"
			order-by="COLUMN_NAME asc">
			<key>
				<column name="ACTIVE_TEMPLET_ID" />
			</key>
			<one-to-many class="com.ai.bdx.frame.approval.model.MtlTempletActiveField" />
		</set>
	</class>
</hibernate-mapping>
