<?xml version="1.0"?>
<!DOCTYPE hibernate-mapping PUBLIC "-//Hibernate/Hibernate Mapping DTD 3.0//EN"
"http://hibernate.sourceforge.net/hibernate-mapping-3.0.dtd">
<!-- 
    Mapping file autogenerated by MyEclipse - Hibernate Tools
-->
<hibernate-mapping>
    <class name="com.ai.bdx.frame.approval.model.MtlTargetuserFile" table="MTL_TARGETUSER_FILE">
        <id name="targetuserFileId" type="java.lang.String">
            <column name="TARGETUSER_FILE_ID" length="32" />
            <generator class="uuid.hex"></generator>
        </id>
        <property name="targetuserFileName" type="java.lang.String">
            <column name="TARGETUSER_FILE_NAME" length="64" />
        </property>
        <property name="targetuserFileDesc" type="java.lang.String">
            <column name="TARGETUSER_FILE_DESC" length="1024" />
        </property>
        <property name="targetuserFileUrl" type="java.lang.String">
            <column name="TARGETUSER_FILE_URL" length="128" />
        </property>
        <property name="fileLoadType" type="java.lang.Short">
            <column name="FILE_LOAD_TYPE" />
        </property>
        <property name="loadUserid" type="java.lang.String">
            <column name="LOAD_USERID" length="18" />
        </property>
        <property name="loadTime" type="java.util.Date" update="false">
            <column name="LOAD_TIME" length="26"  not-null="true" />
        </property>
        <property name="loadEndTime" type="java.util.Date">
            <column name="LOAD_END_TIME" length="26" not-null="true"/>
        </property>
        <property name="loadTabname" type="java.lang.String">
            <column name="LOAD_TABNAME" length="64" />
        </property>
        <property name="totalNeedLoadCnt" type="java.lang.Integer">
            <column name="TOTAL_NEED_LOAD_CNT" />
        </property>
        <property name="successLoadCnt" type="java.lang.Integer">
            <column name="SUCCESS_LOAD_CNT" />
        </property>
    </class>
</hibernate-mapping>
