<?xml version="1.0"?>
<!DOCTYPE hibernate-mapping PUBLIC "-//Hibernate/Hibernate Mapping DTD 3.0//EN"
"http://hibernate.sourceforge.net/hibernate-mapping-3.0.dtd">
<!-- Mapping file autogenerated by MyEclipse - Hibernate Tools -->
<hibernate-mapping>
	<class name="com.ai.bdx.frame.approval.model.MtlTempletActiveField"
		table="MTL_TEMPLET_ACTIVE_FIELD">
		<composite-id name="id"
			class="com.ai.bdx.frame.approval.model.MtlTempletActiveFieldId">
			<key-property name="columnName" type="java.lang.String">
				<column name="COLUMN_NAME" length="32" />
			</key-property>
			<key-property name="sourceName" type="java.lang.String">
				<column name="SOURCE_NAME" length="32" />
			</key-property>
			<key-property name="columnType" type="java.lang.Short">
				<column name="COLUMN_TYPE" />
			</key-property>
			<key-property name="activeTempletId" type="java.lang.String">
				<column name="ACTIVE_TEMPLET_ID" length="10" />
			</key-property>
		</composite-id>
		<property name="columnCname" type="java.lang.String">
			<column name="COLUMN_CNAME" length="64" />
		</property>
		<property name="columnFlag" type="java.lang.Short">
			<column name="COLUMN_FLAG" />
		</property>
	</class>
</hibernate-mapping>
