<?xml version="1.0" encoding="utf-8"?>
<!DOCTYPE hibernate-mapping PUBLIC "-//Hibernate/Hibernate Mapping DTD 3.0//EN"
"http://hibernate.sourceforge.net/hibernate-mapping-3.0.dtd">
<!-- 
    Mapping file autogenerated by MyEclipse Persistence Tools
-->
<hibernate-mapping>
    <class name="com.ai.bdx.frame.privilegeServiceExt.model.privilege.LkgFunc" table="LKG_FUNC">
        <comment>功能表</comment>
        <id name="funcId" type="java.lang.String">
            <column name="FUNC_ID" length="60" />
            <generator class="assigned" />
        </id>
        <property name="sysId" type="java.lang.String">
            <column name="SYS_ID" length="60" />
        </property>
        <property name="funcName" type="java.lang.String">
            <column name="FUNC_NAME" length="600" />
        </property>
        <property name="pageUrl" type="java.lang.String">
            <column name="PAGE_URL" length="2000" />
        </property>
        <property name="folderId" type="java.lang.String">
            <column name="FOLDER_ID" length="60" />
        </property>
        <property name="remark" type="java.lang.String">
            <column name="REMARK" length="600" />
        </property>
        <property name="back1NameFlag" type="java.lang.String">
            <column name="BACK1_NAME_FLAG" length="100" />
        </property>
        <property name="back2NameFlag" type="java.lang.String">
            <column name="BACK2_NAME_FLAG" length="100" />
        </property>
        <property name="back3NameFlag" type="java.lang.String">
            <column name="BACK3_NAME_FLAG" length="100" />
        </property>
        <property name="back4NameFlag" type="java.lang.String">
            <column name="BACK4_NAME_FLAG" length="100" />
        </property>
        <property name="back5NameFlag" type="java.lang.String">
            <column name="BACK5_NAME_FLAG" length="100" />
        </property>
        <property name="back6NameFlag" type="java.lang.String">
            <column name="BACK6_NAME_FLAG" length="100" />
        </property>
        <property name="startDate" type="java.lang.String">
            <column name="START_DATE" length="40" />
        </property>
        <property name="endDate" type="java.lang.String">
            <column name="END_DATE" length="40" />
        </property>
        <property name="adminId" type="java.lang.String">
            <column name="ADMIN_ID" length="30" />
        </property>
        <property name="adminName" type="java.lang.String">
            <column name="ADMIN_NAME" length="50" />
        </property>
        <property name="adminTime" type="java.lang.String">
            <column name="ADMIN_TIME" length="40" />
        </property>
        <!-- 
        <property name="dealState" type="java.lang.String">
            <column name="DEAL_STATE" length="1">
                <comment>处理状态1：正常使用，2：再调研应用，3：屏蔽应用，4：退出应用</comment>
            </column>
        </property>
         
        <property name="useState" type="java.lang.String">
            <column name="USE_STATE" length="1">
                <comment>使用状态1：使用正常应用，2：低使用新应用，3：低使用老应用，4：零使用应用</comment>
            </column>
        </property>
     
        <property name="placeState" type="java.lang.String">
            <column name="PLACE_STATE" length="1">
                <comment>位置状态1：公共应用，2：生产系统应用，3：低使用率系统应用</comment>
            </column>
        </property>
           -->
        <property name="dsType" type="java.lang.String">
            <column name="DS_TYPE" length="1">
                <comment>1:数据仓库;2:地市数据集市;3:增值业务数据集市;4:Oracle</comment>
            </column>
        </property>
        <property name="operType" type="java.lang.String">
            <column name="OPER_TYPE" length="50" />
        </property>
        <property name="operSubType" type="java.lang.String">
            <column name="OPER_SUB_TYPE" length="50" />
        </property>
        <property name="funcOrder" type="java.lang.String">
            <column name="FUNC_ORDER" length="20" />
        </property>
        <many-to-one name="funcFolder" column="FOLDER_ID" insert="false" update="false"/>
    </class>
</hibernate-mapping>
