<?xml version="1.0" encoding="utf-8"?>
<!DOCTYPE hibernate-mapping PUBLIC "-//Hibernate/Hibernate Mapping DTD 3.0//EN"
"http://hibernate.sourceforge.net/hibernate-mapping-3.0.dtd">
<!-- 
    Mapping file autogenerated by MyEclipse Persistence Tools
-->
<hibernate-mapping package="com.ai.bdx.frame.privilegeServiceExt.model.privilege">
    <class name="LkgFuncFolder" table="LKG_FUNC_FOLDER">
        <comment>模块目录表</comment>
        <id name="folderId" type="java.lang.String">
            <column name="FOLDER_ID" length="30" />
            <generator class="assigned" />
        </id>
        <property name="sysId" type="java.lang.String">
            <column name="SYS_ID" length="60" />
        </property>
        <property name="folderName" type="java.lang.String">
            <column name="FOLDER_NAME" length="100" />
        </property>
        <property name="levelId" type="java.lang.String">
            <column name="LEVEL_ID" length="2" />
        </property>
        <property name="parentId" type="java.lang.String">
            <column name="PARENT_ID" length="30" />
        </property>
        <property name="priorId" type="java.lang.String">
            <column name="PRIOR_ID" length="4" />
        </property>
        <property name="remark" type="java.lang.String">
            <column name="REMARK" length="500" />
        </property>
        <property name="adminId" type="java.lang.String">
            <column name="ADMIN_ID" length="30" />
        </property>
        <property name="adminName" type="java.lang.String">
            <column name="ADMIN_NAME" length="50" />
        </property>
        <property name="adminTime" type="java.lang.String">
            <column name="ADMIN_TIME" length="40" />
        </property>
        <property name="menuUrl" type="java.lang.String">
            <column name="MENU_URL" length="100" />
        </property>
        <property name="mainUrl" type="java.lang.String">
            <column name="MAIN_URL" length="100" />
        </property>
        <property name="noValidateUrl" type="java.lang.String">
            <column name="NO_VALIDATE_URL" length="1000" />
        </property>
        <property name="menuWidth" type="java.lang.String">
            <column name="MENU_WIDTH" length="4" />
        </property>
        <property name="menuOrder" type="java.lang.String">
            <column name="MENU_ORDER" length="2" />
        </property>
    </class>
</hibernate-mapping>
