<?xml version="1.0" encoding="utf-8"?>
<!DOCTYPE hibernate-mapping PUBLIC "-//Hibernate/Hibernate Mapping DTD 3.0//EN"
"http://hibernate.sourceforge.net/hibernate-mapping-3.0.dtd">
<!-- 
    Mapping file autogenerated by MyEclipse Persistence Tools
-->
<hibernate-mapping>
    <class name="com.ai.bdx.frame.privilegeServiceExt.model.privilege.LkgJobCity" table="LKG_JOB_CITY">
        <composite-id name="id" class="com.ai.bdx.frame.privilegeServiceExt.model.privilege.LkgJobCityId">
            <key-property name="jobId" type="java.lang.String">
                <column name="JOB_ID" length="30" />
            </key-property>
            <key-property name="cityId" type="java.lang.String">
                <column name="CITY_ID" length="200" />
            </key-property>
        </composite-id>
        <property name="funcId" type="java.lang.String">
            <column name="FUNC_ID" length="60">
                <comment>功能编码</comment>
            </column>
        </property>
        <property name="depId" type="java.lang.String">
            <column name="DEP_ID" length="100">
                <comment>部门编码</comment>
            </column>
        </property>
        <property name="adminId" type="java.lang.String">
            <column name="ADMIN_ID" length="30" />
        </property>
        <property name="adminName" type="java.lang.String">
            <column name="ADMIN_NAME" length="50" />
        </property>
        <property name="adminTime" type="java.lang.String">
            <column name="ADMIN_TIME" length="50" />
        </property>
    </class>
</hibernate-mapping>
