<?xml version="1.0" encoding="utf-8"?>
<!DOCTYPE hibernate-mapping PUBLIC "-//Hibernate/Hibernate Mapping DTD 3.0//EN"
"http://hibernate.sourceforge.net/hibernate-mapping-3.0.dtd">
<!-- 
    Mapping file autogenerated by MyEclipse Persistence Tools
-->
<hibernate-mapping>
    <class name="com.ai.bdx.frame.privilegeServiceExt.model.privilege.LkgJob" table="LKG_JOB">
        <comment>角色表</comment>
        <id name="jobId" type="java.lang.String">
            <column name="JOB_ID" length="30" />
            <generator class="assigned" />
        </id>
        <property name="jobName" type="java.lang.String">
            <column name="JOB_NAME" length="100" />
        </property>
        <property name="remark" type="java.lang.String">
            <column name="REMARK" length="400" />
        </property>
        <property name="adminId" type="java.lang.String">
            <column name="ADMIN_ID" length="30" />
        </property>
        <property name="adminName" type="java.lang.String">
            <column name="ADMIN_NAME" length="50" />
        </property>
        <property name="adminTime" type="java.lang.String">
            <column name="ADMIN_TIME" length="40" />
        </property>
    </class>
</hibernate-mapping>
