<?xml version="1.0" encoding="utf-8"?>
<!DOCTYPE hibernate-mapping PUBLIC "-//Hibernate/Hibernate Mapping DTD 3.0//EN"
"http://hibernate.sourceforge.net/hibernate-mapping-3.0.dtd">
<!-- 
    Mapping file autogenerated by MyEclipse Persistence Tools
-->
<hibernate-mapping>
    <class name="com.ai.bdx.frame.privilegeServiceExt.model.privilege.LkgJobFunc" table="LKG_JOB_FUNC">
        <comment>角色菜单关系表</comment>
        <composite-id name="id" class="com.ai.bdx.frame.privilegeServiceExt.model.privilege.LkgJobFuncId">
            <key-property name="jobId" type="java.lang.String">
                <column name="JOB_ID" length="30" />
            </key-property>
            <key-property name="funcId" type="java.lang.String">
                <column name="FUNC_ID" length="60" />
            </key-property>
        </composite-id>
        <property name="operateFlag" type="java.lang.String">
            <column name="OPERATE_FLAG" length="2" />
        </property>
        <property name="rightFlag" type="java.lang.String">
            <column name="RIGHT_FLAG" length="2" />
        </property>
        <property name="back1Flag" type="java.lang.String">
            <column name="BACK1_FLAG" length="2" />
        </property>
        <property name="back2Flag" type="java.lang.String">
            <column name="BACK2_FLAG" length="2" />
        </property>
        <property name="back3Flag" type="java.lang.String">
            <column name="BACK3_FLAG" length="2" />
        </property>
        <property name="back4Flag" type="java.lang.String">
            <column name="BACK4_FLAG" length="2" />
        </property>
        <property name="back5Flag" type="java.lang.String">
            <column name="BACK5_FLAG" length="2" />
        </property>
        <property name="back6Flag" type="java.lang.String">
            <column name="BACK6_FLAG" length="2" />
        </property>
        <property name="adminId" type="java.lang.String">
            <column name="ADMIN_ID" length="30" />
        </property>
        <property name="adminName" type="java.lang.String">
            <column name="ADMIN_NAME" length="50" />
        </property>
        <property name="adminTime" type="java.lang.String">
            <column name="ADMIN_TIME" length="40" />
        </property>
    </class>
</hibernate-mapping>
