<?xml version="1.0" encoding="utf-8"?>
<!DOCTYPE hibernate-mapping PUBLIC "-//Hibernate/Hibernate Mapping DTD 3.0//EN"
"http://hibernate.sourceforge.net/hibernate-mapping-3.0.dtd">
<!-- 
    Mapping file autogenerated by MyEclipse Persistence Tools
-->
<hibernate-mapping>
    <class name="com.ai.bdx.frame.privilegeServiceExt.model.privilege.LkgParamArea" table="LKG_PARAM_AREA">
        <comment>区县片区新老对应关系表</comment>
        <id name="areaId" type="java.lang.String">
            <column name="area_id" length="20" />
            <generator class="assigned" />
        </id>
        <property name="provId" type="java.lang.String">
            <column name="prov_id" length="20"  />
        </property>
        <property name="cityId" type="java.lang.String">
            <column name="city_id" length="20" />
        </property>
        <property name="countryId" type="java.lang.String">
            <column name="country_id" length="20" />
        </property>
        <property name="countryIdNew" type="java.lang.String">
            <column name="country_id_new" length="20" />
        </property>
         <property name="countryName" type="java.lang.String">
            <column name="country_name" length="20" />
        </property>
        <property name="cityIdNew" type="java.lang.String">
            <column name="city_id_new" length="20" />
        </property>
        <property name="areaIdNew" type="java.lang.String">
            <column name="area_id_new" length="20" />
        </property>
        
        
    </class>
</hibernate-mapping>
