<?xml version="1.0" encoding="utf-8"?>
<!DOCTYPE hibernate-mapping PUBLIC "-//Hibernate/Hibernate Mapping DTD 3.0//EN"
"http://hibernate.sourceforge.net/hibernate-mapping-3.0.dtd">
<!-- 
    Mapping file autogenerated by MyEclipse Persistence Tools
-->
<hibernate-mapping>
    <class name="com.ai.bdx.frame.privilegeServiceExt.model.privilege.LkgStaffJob" table="LKG_STAFF_JOB">
        <comment>员工与角色关联表</comment>
        <composite-id name="id" class="com.ai.bdx.frame.privilegeServiceExt.model.privilege.LkgStaffJobId">
            <key-property name="staffId" type="java.lang.String">
                <column name="STAFF_ID" length="60" />
            </key-property>
            <key-property name="jobId" type="java.lang.String">
                <column name="JOB_ID" length="30" />
            </key-property>
        </composite-id>
        <property name="adminId" type="java.lang.String">
            <column name="ADMIN_ID" length="30" />
        </property>
        <property name="adminName" type="java.lang.String">
            <column name="ADMIN_NAME" length="50" />
        </property>
        <property name="adminTime" type="java.lang.String">
            <column name="ADMIN_TIME" length="40" />
        </property>
    </class>
</hibernate-mapping>
