<?xml version="1.0" encoding="utf-8"?>
<!DOCTYPE hibernate-mapping PUBLIC "-//Hibernate/Hibernate Mapping DTD 3.0//EN"
"http://hibernate.sourceforge.net/hibernate-mapping-3.0.dtd">
<!-- 
    Mapping file autogenerated by MyEclipse Persistence Tools
-->
<hibernate-mapping>
    <class name="com.ai.bdx.frame.privilegeServiceExt.model.privilege.LkgSys" table="LKG_SYS">
        <comment>系统表</comment>
        <id name="sysId" type="java.lang.String">
            <column name="SYS_ID" length="60" />
            <generator class="assigned" />
        </id>
        <property name="sysName" type="java.lang.String">
            <column name="SYS_NAME" length="200" />
        </property>
        <property name="sysMenuUrl" type="java.lang.String">
            <column name="SYS_MENU_URL" length="200" />
        </property>
        <property name="image1Url" type="java.lang.String">
            <column name="IMAGE1_URL" length="200" />
        </property>
        <property name="image2Url" type="java.lang.String">
            <column name="IMAGE2_URL" length="200" />
        </property>
        <property name="image3Url" type="java.lang.String">
            <column name="IMAGE3_URL" length="200" />
        </property>
        <property name="remark" type="java.lang.String">
            <column name="REMARK" length="400" />
        </property>
        <property name="sysOrder" type="java.lang.String">
            <column name="SYS_ORDER" length="3" />
        </property>
        <property name="adminId" type="java.lang.String">
            <column name="ADMIN_ID" length="30" />
        </property>
        <property name="adminName" type="java.lang.String">
            <column name="ADMIN_NAME" length="50" />
        </property>
        <property name="adminTime" type="java.lang.String">
            <column name="ADMIN_TIME" length="40" />
        </property>
        <property name="sysType" type="java.lang.String">
            <column name="SYS_TYPE" length="1" not-null="true" />
        </property>
        <property name="noValidateUrl" type="java.lang.String">
            <column name="NO_VALIDATE_URL" length="1000" />
        </property>
    </class>
</hibernate-mapping>
