<?xml version="1.0" encoding="utf-8"?>
<!DOCTYPE hibernate-mapping PUBLIC "-//Hibernate/Hibernate Mapping DTD 3.0//EN"
"http://hibernate.sourceforge.net/hibernate-mapping-3.0.dtd">
<!-- 
    Mapping file autogenerated by MyEclipse Persistence Tools
-->
<hibernate-mapping>
    <class name="com.ai.bdx.frame.privilegeServiceExt.model.privilege.LkgStaff" table="LKG_STAFF">
        <comment>陕西用户表</comment>
        <id name="staffId" type="java.lang.String">
            <column name="STAFF_ID" length="30" />
            <generator class="assigned" />
        </id>
        <property name="staffName" type="java.lang.String">
            <column name="STAFF_NAME" length="100">
                <comment>员工姓名</comment>
            </column>
        </property>
        <property name="staffPwd" type="java.lang.String">
            <column name="STAFF_PWD" length="100">
                <comment>密码</comment>
            </column>
        </property>
        <property name="sex" type="java.lang.String">
            <column name="SEX" length="2">
                <comment>性别</comment>
            </column>
        </property>
        <property name="age" type="java.lang.String">
            <column name="AGE" length="5">
                <comment>年龄</comment>
            </column>
        </property>
        <property name="nation" type="java.lang.String">
            <column name="NATION" length="20">
                <comment>民族</comment>
            </column>
        </property>
        <property name="staffNum" type="java.lang.String">
            <column name="STAFF_NUM" length="20">
                <comment>员工工号</comment>
            </column>
        </property>
        <property name="certificateId" type="java.lang.String">
            <column name="CERTIFICATE_ID" length="100">
                <comment>身分证号码</comment>
            </column>
        </property>
        <property name="provId" type="java.lang.String">
            <column name="PROV_ID" length="20">
                <comment>省</comment>
            </column>
        </property>
        <property name="cityId" type="java.lang.String">
            <column name="CITY_ID" length="20">
                <comment>地市</comment>
            </column>
        </property>
        <property name="countryId" type="java.lang.String">
            <column name="COUNTRY_ID" length="20">
                <comment>区县</comment>
            </column>
        </property>
        <property name="areaId" type="java.lang.String">
            <column name="AREA_ID" length="20">
                <comment>片区</comment>
            </column>
        </property>
        <property name="sub1AreaId" type="java.lang.String">
            <column name="SUB1_AREA_ID" length="20">
                <comment>子片区一</comment>
            </column>
        </property>
        <property name="sub2AreaId" type="java.lang.String">
            <column name="SUB2_AREA_ID" length="20">
                <comment>子片区二</comment>
            </column>
        </property>
        <property name="dataLevel" type="java.lang.String">
            <column name="DATA_LEVEL" length="2">
                <comment>数据权限级别</comment>
            </column>
        </property>
        <property name="depId" type="java.lang.String">
            <column name="MCD_DEP_ID" length="20">
                <comment>部门</comment>
            </column>
        </property>
        <property name="postId" type="java.lang.String">
            <column name="POST_ID" length="30">
                <comment>职务</comment>
            </column>
        </property>
        <property name="phone" type="java.lang.String">
            <column name="PHONE" length="100">
                <comment>电话</comment>
            </column>
        </property>
        <property name="email" type="java.lang.String">
            <column name="EMAIL" length="100">
                <comment>油箱</comment>
            </column>
        </property>
        <property name="commAddress" type="java.lang.String">
            <column name="COMM_ADDRESS" length="1000">
                <comment>通讯地址</comment>
            </column>
        </property>
        <property name="postCode" type="java.lang.String">
            <column name="POST_CODE" length="20">
                <comment>邮政编码</comment>
            </column>
        </property>
        <property name="leaderId" type="java.lang.String">
            <column name="LEADER_ID" length="50">
                <comment>主管领导</comment>
            </column>
        </property>
        <property name="groupId" type="java.lang.String">
            <column name="GROUP_ID" length="50">
                <comment>用户组ID</comment>
            </column>
        </property>
        <property name="postType" type="java.lang.String">
            <column name="POST_TYPE" length="2" />
        </property>
        <property name="remark" type="java.lang.String">
            <column name="REMARK" length="400">
                <comment>备注</comment>
            </column>
        </property>
        <property name="adminId" type="java.lang.String">
            <column name="ADMIN_ID" length="30">
                <comment>操作员工ID</comment>
            </column>
        </property>
        <property name="adminName" type="java.lang.String">
            <column name="ADMIN_NAME" length="50">
                <comment>操作员名称</comment>
            </column>
        </property>
        <property name="adminTime" type="java.lang.String">
            <column name="ADMIN_TIME" length="20">
                <comment>操作时间</comment>
            </column>
        </property>
        <property name="pwdTime" type="java.lang.String">
            <column name="PWD_TIME" length="20">
                <comment>密码过期时间</comment>
            </column>
        </property>
        <property name="headPic" type="java.lang.String">
            <column name="HEAD_PIC" length="400" />
        </property>
        <!-- 
        <property name="getpwdType" type="java.lang.String">
            <column name="GETPWD_TYPE" length="1">
                <comment>取回密码方式1:短信0:不允许</comment>
            </column>
        </property>
         -->
        <property name="staffTactLevel" type="java.lang.String">
            <column name="STAFF_TACT_LEVEL" length="1">
                <comment>员工敏感度级别</comment>
            </column>
        </property>
         <!-- 
        <property name="loginTag" type="java.lang.String">
            <column name="LOGIN_TAG" length="1">
                <comment>标记强制4A登录</comment>
            </column>
        </property>
             -->
        <property name="status" type="java.lang.String">
            <column name="STATUS" length="1">
                <comment>用户是否禁用</comment>
            </column>
        </property>
    </class>
</hibernate-mapping>
