<?xml version="1.0" encoding="utf-8"?>
<!DOCTYPE hibernate-mapping PUBLIC "-//Hibernate/Hibernate Mapping DTD 3.0//EN"
"http://hibernate.sourceforge.net/hibernate-mapping-3.0.dtd">
<!-- 
    Mapping file autogenerated by MyEclipse Persistence Tools
-->
<hibernate-mapping>
    <class name="com.ai.bdx.frame.privilegeServiceExt.model.privilege.LkgSysMenu" table="LKG_SYS_MENU">
        <comment>用户功能系统关系表</comment>
        <composite-id name="id" class="com.ai.bdx.frame.privilegeServiceExt.model.privilege.LkgSysMenuId">
            <key-property name="funcId" type="java.lang.String">
                <column name="FUNC_ID" length="40" />
            </key-property>
            <key-property name="staffId" type="java.lang.String">
                <column name="STAFF_ID" length="20" />
            </key-property>
        </composite-id>
        <property name="recDate" type="java.lang.String">
            <column name="REC_DATE" length="20" />
        </property>
    </class>
</hibernate-mapping>
