<?xml version="1.0" encoding="utf-8"?>
<!DOCTYPE hibernate-mapping PUBLIC "-//Hibernate/Hibernate Mapping DTD 3.0//EN"
"http://hibernate.sourceforge.net/hibernate-mapping-3.0.dtd">
<!-- 
    Mapping file autogenerated by MyEclipse Persistence Tools
-->
<hibernate-mapping>
    <class name="com.ai.bdx.frame.privilegeServiceExt.model.privilege.LkgStaffScope" table="LKG_STAFF_SCOPE">
        <id name="staffId" type="java.lang.String">
            <column name="STAFF_ID" length="40" />
            <generator class="assigned" />
        </id>
        <property name="provScope" type="java.lang.String">
            <column name="PROV_SCOPE" length="40" />
        </property>
        <property name="cityScope" type="java.lang.String">
            <column name="CITY_SCOPE" length="40" />
        </property>
        <property name="countryScope" type="java.lang.String">
            <column name="COUNTRY_SCOPE" length="40" />
        </property>
        <property name="sub1AreaScope" type="java.lang.String">
            <column name="SUB1_AREA_SCOPE" length="40" />
        </property>
        <property name="sub2AreaScope" type="java.lang.String">
            <column name="SUB2_AREA_SCOPE" length="40" />
        </property>
        <property name="adminId" type="java.lang.String">
            <column name="ADMIN_ID" length="50" />
        </property>
        <property name="adminName" type="java.lang.String">
            <column name="ADMIN_NAME" length="50" />
        </property>
        <property name="adminTime" type="java.lang.String">
            <column name="ADMIN_TIME" length="40" />
        </property>
    </class>
</hibernate-mapping>
