<?xml version="1.0" encoding="utf-8"?>
<!DOCTYPE hibernate-mapping PUBLIC "-//Hibernate/Hibernate Mapping DTD 3.0//EN"
"http://hibernate.sourceforge.net/hibernate-mapping-3.0.dtd">
<!-- 
    Mapping file autogenerated by MyEclipse Persistence Tools
-->
<hibernate-mapping>
    <class name="com.ai.bdx.frame.privilegeServiceExt.model.privilege.LkgStaffCompany" table="LKG_STAFF_COMPANY">
        <comment>用户公司/部门信息定义表</comment>
        <id name="deptid" type="java.lang.Integer">
            <column name="DEPTID" />
            <generator class="assigned" />
        </id>
        <property name="parentid" type="java.lang.Integer">
            <column name="PARENTID" not-null="true" />
        </property>
        <property name="title" type="java.lang.String">
            <column name="TITLE" length="128" not-null="true" />
        </property>
        <property name="notes" type="java.lang.String">
            <column name="NOTES" />
        </property>
        <property name="serviceCode" type="java.lang.String">
            <column name="SERVICE_CODE" length="20" />
        </property>
        <property name="sortnum" type="java.lang.Integer">
            <column name="SORTNUM" not-null="true" />
        </property>
        <property name="status" type="java.lang.String">
            <column name="STATUS" length="16" not-null="true" />
        </property>
        <property name="deleteTime" type="java.lang.String">
            <column name="DELETE_TIME" length="64" />
        </property>
    </class>
</hibernate-mapping>
