<?xml version="1.0" encoding="utf-8"?>
<!DOCTYPE hibernate-mapping PUBLIC "-//Hibernate/Hibernate Mapping DTD 3.0//EN"
"http://hibernate.sourceforge.net/hibernate-mapping-3.0.dtd">
<!-- 
    Mapping file autogenerated by MyEclipse Persistence Tools
-->
<hibernate-mapping>
    <class name="com.ai.bdx.frame.privilegeServiceExt.model.privilege.LkgUserGroup" table="LKG_USER_GROUP">
        <comment>用户组表</comment>
        <id name="groupId" type="java.lang.String">
            <column name="GROUP_ID" length="20" />
            <generator class="assigned" />
        </id>
        <property name="groupName" type="java.lang.String">
            <column name="GROUP_NAME" length="100" />
        </property>
        <property name="validFlag" type="java.lang.String">
            <column name="VALID_FLAG" length="2" />
        </property>
        <property name="upperGroupId" type="java.lang.String">
            <column name="UPPER_GROUP_ID" length="20" />
        </property>
        <property name="dataLevel" type="java.lang.String">
            <column name="DATA_LEVEL" length="2" />
        </property>
        <property name="remark" type="java.lang.String">
            <column name="REMARK" length="1000" />
        </property>
    </class>
</hibernate-mapping>
