<?xml version="1.0" encoding="UTF-8"?>
<mappings>   
    <mapping>
        <method name="getUsersOfDepartment">  
       		<return-type componentType="com.asiainfo.biframe.privilege.model.User_User" /> 
        </method> 
        <method name="getUsersByGroupId">  
       		<return-type componentType="com.asiainfo.biframe.privilege.model.User_User" /> 
        </method> 
        <method name="getMapUsers">  
       		<return-type componentType="com.asiainfo.biframe.privilege.model.User_User" /> 
        </method>
        <method name="getRight">  
       		<return-type componentType="com.asiainfo.biframe.privilege.sysmanage.model.Right" /> 
        </method>
        <method name="getRightByOperation">  
       		<return-type componentType="com.asiainfo.biframe.privilege.sysmanage.model.Right" /> 
        </method>
        <method name="getRoleType">  
       		<return-type componentType="org.apache.struts.util.LabelValueBean" /> 
        </method>        
        
        <method name="getResourceTypeByRoleType">  
       		<return-type componentType="org.apache.struts.util.LabelValueBean" /> 
        </method>   
        <method name="getAllRoles">  
       		<return-type componentType="com.asiainfo.biframe.privilege.model.UserRole" /> 
        </method>
        <method name="getUserRole">  
       		<return-type componentType="com.asiainfo.biframe.privilege.model.UserRole" /> 
        </method>           
        <method name="getAllSubGroupsByUserId">  
       		<return-type componentType="com.asiainfo.biframe.privilege.model.User_Group" /> 
        </method>  
        <method name="getAllSubUsersByUserId">  
       		<return-type componentType="com.asiainfo.biframe.privilege.model.User_User" /> 
        </method>
        <method name="getAllApplications">  
       		<return-type componentType="com.asiainfo.biframe.privilege.model.UserApplication" /> 
        </method>  
            
        <method name="getUserPreferList">  
       		<return-type componentType="com.asiainfo.biframe.privilege.sysmanage.form.UserPreferForm" /> 
        </method>         
        <method name="getPreferDescListByPreferType">  
       		<return-type componentType="java.lang.String" /> 
        </method>        
        <method name="getAllUsers">  
       		<return-type componentType="com.asiainfo.biframe.privilege.model.User_User" /> 
        </method>       
        <method name="getValidChildGroups">  
       		<return-type componentType="com.asiainfo.biframe.privilege.model.User_Group" /> 
        </method>        
        <method name="getUserGroupByUserId">  
       		<return-type componentType="com.asiainfo.biframe.privilege.model.User_Group" /> 
        </method> 
        
        <method name="getAllUserGroup">  
       		<return-type componentType="com.asiainfo.biframe.privilege.model.User_Group" /> 
        </method>         
        <method name="getAllUserRole">  
       		<return-type componentType="com.asiainfo.biframe.privilege.model.UserRole" /> 
        </method>        
        <method name="getGroupRoleMapList">  
       		<return-type componentType="com.asiainfo.biframe.privilege.model.GroupRoleMap" /> 
        </method>       
        <method name="getAllUserCompany">  
       		<return-type componentType="com.asiainfo.biframe.privilege.model.User_Company" /> 
        </method>        
        <method name="getAllCity">  
       		<return-type componentType="com.asiainfo.biframe.privilege.model.User_City" /> 
        </method>         
        
        <method name="getCityByUser">  
       		<return-type componentType="com.asiainfo.biframe.privilege.model.User_City" /> 
        </method>         
        <method name="getAllMenuItem">  
       		<return-type componentType="com.asiainfo.biframe.privilege.model.SysMenuItem" /> 
        </method>        
        <method name="getSubCitysById">  
       		<return-type componentType="com.asiainfo.biframe.privilege.model.User_City" /> 
        </method>       
        <method name="getUserCompanyByName">  
       		<return-type componentType="com.asiainfo.biframe.privilege.model.User_Company" /> 
        </method> 
        <method name="getSubCompanyById">  
       		<return-type componentType="com.asiainfo.biframe.privilege.model.User_Company" /> 
        </method>        
        <method name="getAllSubMenuItemById">  
       		<return-type componentType="com.asiainfo.biframe.privilege.model.SysMenuItem" /> 
        </method>  
        <method name="getRights">  
       		<return-type componentType="com.asiainfo.biframe.privilege.sysmanage.model.Right" /> 
        </method>
        <method name="getMenuItemList">  
       		<return-type componentType="com.asiainfo.biframe.privilege.model.SysMenuItem" /> 
        </method>
    </mapping>
</mappings>   