﻿<?xml version="1.0" encoding="utf-8"?>
<!DOCTYPE hibernate-mapping PUBLIC "-//Hibernate/Hibernate Mapping DTD 3.0//EN"
"http://hibernate.sourceforge.net/hibernate-mapping-3.0.dtd">
<hibernate-mapping>
    <class name="com.asiainfo.biframe.privilege.model.GroupRoleMap" table="GROUP_ROLE_MAP">
        <composite-id>
            <key-property name="groupId" type="string">
                <column name="GROUP_ID" length="32" />
            </key-property>
            <key-property name="roleId" type="string">
                <column name="ROLE_ID" length="32" />
            </key-property>
        </composite-id>
    </class>
</hibernate-mapping>
