﻿<?xml version="1.0" encoding="utf-8"?>
<!DOCTYPE hibernate-mapping PUBLIC "-//Hibernate/Hibernate Mapping DTD 3.0//EN"
"http://hibernate.sourceforge.net/hibernate-mapping-3.0.dtd">
<hibernate-mapping>
    <class name="com.asiainfo.biframe.privilege.model.Prefer_Define" table="PREFER_DEFINE">
        <id name="preferId" type="string">
            <column name="PREFER_ID" length="32" />
            <generator class="assigned"></generator> 
        </id>
        <property name="preferName" type="string">
            <column name="PREFER_NAME" length="32" />
        </property>
        <property name="preferKey" type="string">
            <column name="PREFER_KEY" length="64" not-null="true" />
        </property>
        <property name="preferKeyId" type="string">
            <column name="PREFER_KEY_ID" length="64" not-null="true" />
        </property>
        <property name="preferKeyValue" type="string">
            <column name="PREFER_KEY_VALUE" length="64" not-null="true" />
        </property>
        <property name="havePrivilege" type="long">
            <column name="HAVE_PRIVILEGE" not-null="true" />
        </property>
        <property name="sortNum" type="long">
            <column name="SORT_NUM"  not-null="true" />
        </property>
        <property name="db" type="string">
            <column name="DB" length="64" />
        </property>
        <property name="notes" type="string">
            <column name="NOTES" length="64" not-null="true" />
        </property>
       
    </class>
</hibernate-mapping>
