﻿<?xml version="1.0" encoding="utf-8"?>
<!DOCTYPE hibernate-mapping PUBLIC "-//Hibernate/Hibernate Mapping DTD 3.0//EN"
"http://hibernate.sourceforge.net/hibernate-mapping-3.0.dtd">
<hibernate-mapping package="com.asiainfo.biframe.privilege.model">
    <class name="ResourceOperationDefine" table="RESOURCE_OPERATION_DEFINE">
        <id name="operationId" column="OPERATIONID" type="string">
            <generator class="assigned"/>
        </id>
 
        <property name="operationName" column="OPERATIONNAME" type="string"  not-null="true" />
        <property name="operationKey" column="OPERATIONKEY" type="string"  not-null="true" />
        <property name="parentId" column="PARENTID" type="string"   />
        <property name="resourceType" column="RESOURCETYPE" type="java.lang.Integer" not-null="true"/>
    </class>
</hibernate-mapping>
