﻿<?xml version="1.0" encoding="utf-8"?>
<!DOCTYPE hibernate-mapping PUBLIC "-//Hibernate/Hibernate Mapping DTD 3.0//EN"
"http://hibernate.sourceforge.net/hibernate-mapping-3.0.dtd">                
<hibernate-mapping package="com.asiainfo.biframe.privilege.model">

    <class name="SysInfo" table="SYS_INFO">
        <id name="sysId" column="SYS_ID" type="long">
            <generator class="assigned"/>
        </id>
 
        <property name="sysName" column="SYS_NAME" type="string"  not-null="true" />
        <property name="interfaceUrl" column="INTERFACE_URL" type="string"  not-null="true" />
        <property name="mapFlag" column="MAP_FLAG" type="long"  not-null="true" />
        <property name="notes" column="NOTES" type="string" />
        <property name="param0" column="PARAM0" type="string" />
        <property name="param1" column="PARAM1" type="string" />
        <property name="param2" column="PARAM2" type="string" />
        <property name="param3" column="PARAM3" type="string" />
    </class>
    
</hibernate-mapping>
