﻿<?xml version="1.0" encoding="utf-8"?>
<!DOCTYPE hibernate-mapping PUBLIC "-//Hibernate/Hibernate Mapping DTD 3.0//EN"
"http://hibernate.sourceforge.net/hibernate-mapping-3.0.dtd">
<hibernate-mapping package="com.asiainfo.biframe.privilege.model">

    <class name="SysMenuItem" table="SYS_MENU_ITEM">
        <id name="menuItemId" column="MENUITEMID" type="java.lang.Integer">
            <generator class="assigned"/>
        </id>
 
        <property name="menuItemTitle" column="MENUITEMTITLE" type="string"   />
        <property name="parentId" column="PARENTID" type="java.lang.Integer"  />
        <property name="sortNum" column="SORTNUM" type="java.lang.Integer"   />
        <property name="pic1" column="PIC1" type="string" />
        <property name="pic2" column="PIC2" type="string" />
        <property name="menuType" column="MENUTYPE" type="java.lang.Integer" />
        <property name="url" column="URL" type="string" />
        <property name="resId" column="RESID" type="string" />
        <property name="resType" column="RESTYPE" type="java.lang.Integer" />
        <property name="accessToken" column="ACCESSTOKEN" type="java.lang.Integer" />
        <property name="urlTarget" column="URLTARGET" type="string" />
        <property name="urlPort" column="URLPORT" type="string" />
        <property name="realValidate" column="REVALIDATE" type="char" />
        <property name="imagePath" column="IMAGEPATH" type="string" />
        <property name="resourceType" column="RESOURCE_TYPE" type="java.lang.Integer" />
        <property name="applicationId" column="APPLICATION_ID" type="string" />
    </class>
</hibernate-mapping>
