<?xml version="1.0"?>
<!DOCTYPE hibernate-mapping PUBLIC "-//Hibernate/Hibernate Mapping DTD 3.0//EN"
"http://hibernate.sourceforge.net/hibernate-mapping-3.0.dtd">
<!-- Generated 2012-5-31 11:20:55 by Hibernate Tools 3.2.5.Beta -->
<hibernate-mapping package="com.asiainfo.biframe.privilege.model">
    <class name="SysMenuItemRela"  table="SYS_MENU_ITEM_RELA" >
    	<composite-id>
            <key-property name="menuitemId" type="java.lang.Integer">
                <column name="MENUITEMID" />
            </key-property>
            <key-property name="parentId" type="java.lang.Integer">
                <column name="PARENTID"  />
            </key-property>
        </composite-id>
    </class>
</hibernate-mapping>
