﻿<?xml version="1.0" encoding="utf-8"?>
<!DOCTYPE hibernate-mapping PUBLIC "-//Hibernate/Hibernate Mapping DTD 3.0//EN"
"http://hibernate.sourceforge.net/hibernate-mapping-3.0.dtd">
<hibernate-mapping>
    <class name="com.asiainfo.biframe.privilege.model.SysResourceDsProp" table="SYS_RESOURCE_DS_PROP">
        <composite-id>
			<key-property name="resourceType" type="integer">
				<column name="RESOURCETYPE" />
			</key-property> 
			<key-property name="propKey" type="integer">
				<column name="PROP_KEY" />
			</key-property>
		</composite-id> 

        <property name="propName" type="string">
            <column name="PROP_NAME" length="32" />
        </property>
        <property name="propValue" type="string">
            <column name="PROP_VALUE" length="32" />
        </property>
	</class>
</hibernate-mapping>
