﻿<?xml version="1.0" encoding="utf-8"?>
<!DOCTYPE hibernate-mapping PUBLIC "-//Hibernate/Hibernate Mapping DTD 3.0//EN"
"http://hibernate.sourceforge.net/hibernate-mapping-3.0.dtd">
<hibernate-mapping>
    <class name="com.asiainfo.biframe.privilege.model.SysResourceType" table="SYS_RESOURCE_TYPE">
        <composite-id>
			<key-property name="resourceType" type="integer">
				<column name="RESOURCETYPE" />
			</key-property> 
			<key-property name="roleType" type="integer">
				<column name="ROLE_TYPE" />
			</key-property>
		</composite-id> 

        <property name="resourcetypeName" type="string">
            <column name="RESOURCETYPE_NAME" length="32" />
        </property>
        <property name="resRightTable" type="string">
            <column name="RES_RIGHT_TABLE" length="32" />
        </property>
        <property name="resDefineTable" type="string">
            <column name="RES_DEFINE_TABLE" length="32" />
        </property>
        <property name="roleRightTable" type="string">
            <column name="ROLE_RIGHT_TABLE" length="32" />
        </property>
        <property name="rightImg" type="java.lang.Integer">
            <column name="RIGHT_IMG" />
        </property>
        <property name="resourceKey" type="string">
            <column name="RESOURCEKEY"  />
        </property>
		<property name="dsType" type="integer">
            <column name="DS_TYPE" />
        </property>    
	</class>
</hibernate-mapping>
