﻿<?xml version="1.0" encoding="utf-8"?>
<!DOCTYPE hibernate-mapping PUBLIC "-//Hibernate/Hibernate Mapping DTD 3.0//EN"
"http://hibernate.sourceforge.net/hibernate-mapping-3.0.dtd">
<hibernate-mapping package="com.asiainfo.biframe.privilege.model">
    <class name="SystemFunctionDefine" table="SYSTEM_FUNCTION_DEFINE">
        <id name="functionId" column="FUNCTION_ID" type="string">
            <generator class="assigned"/>
        </id>
 
        <property name="functionName" column="FUNCTION_NAME" type="string"  not-null="true" />
        <property name="resourceType" column="RESOURCE_TYPE" type="java.lang.Integer"  not-null="true" />
        <property name="parentId" column="PARENT_ID" type="string"  not-null="true" />
        <property name="url" column="URL" type="string" />
        <property name="parameter" column="PARAMETER" type="string" />
        <property name="note" column="NOTE" type="string" />
        <property name="sortNum" column="SORT_NUM" type="java.lang.Integer" not-null="true" />
    </class>
</hibernate-mapping>
