﻿<?xml version="1.0" encoding="utf-8"?>
<!DOCTYPE hibernate-mapping PUBLIC "-//Hibernate/Hibernate Mapping DTD 3.0//EN"
"http://hibernate.sourceforge.net/hibernate-mapping-3.0.dtd">
<hibernate-mapping package="com.asiainfo.biframe.privilege.model">
    <class name="SystemFunctionAction" table="SYSTEM_FUNCTION_ACTION">
        <id name="actionId" column="ACTION_ID" type="string">
            <generator class="assigned"/>
        </id>
 
        <property name="resourceId" column="RESOURCE_ID" type="string"  not-null="true" />
        <property name="resourceType" column="RESOURCE_TYPE" type="java.lang.Integer"  not-null="true" />
        <property name="operationType" column="OPERATION_TYPE" type="string"  not-null="true" />
        <property name="operationName" column="OPERATION_NAME" type="string" />
        <property name="note" column="NOTE" type="string" />
    </class>
</hibernate-mapping>
