﻿<?xml version="1.0" encoding="utf-8"?>
<!DOCTYPE hibernate-mapping PUBLIC "-//Hibernate/Hibernate Mapping DTD 3.0//EN"
"http://hibernate.sourceforge.net/hibernate-mapping-3.0.dtd">
<hibernate-mapping package="com.asiainfo.biframe.privilege.model">

    <class name="UniauthUserParam" table="UNIAUTH_USER_PARAM">
        <composite-id name="id" class="UniauthUserParamKey">
            <key-property name="param" column="PARAM" type="string"/>
            <key-property name="portletId" column="PORTLET_ID" type="java.lang.Integer"/>
            <key-property name="userId" column="USER_ID" type="string"/>
        </composite-id>
 
        <property name="name" column="NAME" type="string" />
        <property name="value" column="VALUE" type="string" />
        <property name="opDate" column="OP_DATE" type="java.util.Date" />
    </class>
    
</hibernate-mapping>
