<?xml version="1.0" encoding="utf-8"?>
<!DOCTYPE hibernate-mapping PUBLIC "-//Hibernate/Hibernate Mapping DTD 3.0//EN"
"http://hibernate.sourceforge.net/hibernate-mapping-3.0.dtd">

<hibernate-mapping>
    <class name="com.asiainfo.biframe.privilege.model.UserRoleClassify" table="USER_ROLE_CLASSIFY">
        <id name="classifyId" type="string">
            <column name="CLASSIFY_ID" length="32" />
            <generator class="uuid.hex"/>
        </id>
        <property name="parentId" type="string">
            <column name="PARENT_ID" length="32" not-null="true" />
        </property>
        <property name="classifyName" type="string">
            <column name="CLASSIFY_NAME" length="100" not-null="true" />
        </property>
        <property name="classifyDesc" type="string">
            <column name="CLASSIFY_DESC" />
        </property>
    </class>
</hibernate-mapping>
