﻿<?xml version="1.0" encoding="utf-8"?>
<!DOCTYPE hibernate-mapping PUBLIC "-//Hibernate/Hibernate Mapping DTD 3.0//EN"
"http://hibernate.sourceforge.net/hibernate-mapping-3.0.dtd">
<hibernate-mapping>
    <class name="com.asiainfo.biframe.privilege.model.UserTempRight" table="USER_TEMP_RIGHT">
  		<id name="rightId" type="string">
            <column name="TEMP_RIGHT_ID" length="32" />
            <generator class="uuid.hex"/>
        </id>      
        <property name="roleType" type="int">
            <column name="ROLE_TYPE"/>
        </property>
        <property name="resourceType" type="int">
            <column name="RESOURCE_TYPE"/>
        </property>
        <property name="resourceId" type="string">
            <column name="RESOURCE_ID" />
        </property>
        <property name="resourceName" type="string">
            <column name="RESOURCE_NAME" />
        </property>
        <property name="operationType" type="string">
            <column name="OPERATION_TYPE"/>
        </property>
        <property name="operationName" type="string">
            <column name="OPERATION_NAME"/>
        </property>
        <property name="state" type="string">
            <column name="STATE" />
        </property>
       
        <property name="applyId" type="string">
            <column name="APPLY_ID"/>
        </property>
         <property name="userId" type="string">
            <column name="USER_ID" />
        </property>
         <property name="beginDate" type="java.util.Date">
            <column name="BEGIN_DATE" />
        </property>
        <property name="endDate" type="java.util.Date">
            <column name="END_DATE"/>
        </property>
        
           <!--
        <many-to-one name="apply" class="com.asiainfo.biframe.privilege.items.UserRightApply" not-null="true" >
	        <column name="APPLY_ID" />
	    </many-to-one>
         -->
    </class>
</hibernate-mapping>
