﻿<?xml version="1.0" encoding="utf-8"?>
<!DOCTYPE hibernate-mapping PUBLIC "-//Hibernate/Hibernate Mapping DTD 3.0//EN"
"http://hibernate.sourceforge.net/hibernate-mapping-3.0.dtd">
<hibernate-mapping package="com.asiainfo.biframe.privilege.model">

    <class name="UserSysMap" table="USER_SYS_MAP">
        <composite-id>
            <key-property name="otherUserId" column="MAP_USERID" type="string"/>
            <key-property name="otherSysId" column="SYS_ID" type="java.lang.Long"/>
            <key-property name="localUserId" column="USER_ID" type="string"/>
        </composite-id>
 
        <property name="otherUserPwd" column="MAP_PWD" type="string" />
        <property name="notes" column="NOTES" type="string" />
        <property name="param0" column="PARAM0" type="string" />
        <property name="param1" column="PARAM1" type="string" />
        <property name="param2" column="PARAM2" type="string" />
        <property name="param3" column="PARAM3" type="string" />
    </class>
    
</hibernate-mapping>
