﻿<?xml version="1.0" encoding="utf-8"?>
<!DOCTYPE hibernate-mapping PUBLIC "-//Hibernate/Hibernate Mapping DTD 3.0//EN"
"http://hibernate.sourceforge.net/hibernate-mapping-3.0.dtd">
<hibernate-mapping> 
    <class name="com.asiainfo.biframe.privilege.model.User_Prefer" table="USER_PREFER">
        <composite-id name="id" class="com.asiainfo.biframe.privilege.model.User_PreferId">
            <key-property name="userId" type="string">
                <column name="USER_ID" length="32" />
            </key-property>
            <key-property name="preferId" type="string">
                <column name="PREFER_ID" length="32" />
            </key-property>
          </composite-id>   
            
            <property name="preferValue" type="string">
                <column name="PREFER_VALUE" length="32" />
            </property>
            <property name="preferValuedesc" type="string">
                <column name="PREFER_VALUEDESC" length="128" />
            </property>
            <property name="notes" type="string">
                <column name="NOTES" length="32" />
            </property>
       
    </class>
</hibernate-mapping>

