﻿<?xml version="1.0" encoding="utf-8"?>
<!DOCTYPE hibernate-mapping PUBLIC "-//Hibernate/Hibernate Mapping DTD 3.0//EN"
"http://hibernate.sourceforge.net/hibernate-mapping-3.0.dtd">
<hibernate-mapping>
	<class name="com.asiainfo.biframe.privilege.model.UserUserMap" table="USER_USER_MAP">
		<composite-id>
			<key-property name="userid" type="string">
				<column name="USERID" length="32" />
			</key-property>
			<key-property name="userMapId" type="string">
				<column name="USER_MAP_ID" length="32" />
			</key-property>
			<key-property name="resourcetype" type="long">
				<column name="RESOURCETYPE" />
			</key-property>
			<key-property name="relationType" type="string">
				<column name="RELATION_TYPE" />
			</key-property>
		</composite-id>
	</class>
</hibernate-mapping>
