﻿<?xml version="1.0" encoding="utf-8"?>
<!DOCTYPE hibernate-mapping PUBLIC "-//Hibernate/Hibernate Mapping DTD 3.0//EN"
"http://hibernate.sourceforge.net/hibernate-mapping-3.0.dtd">
<hibernate-mapping>
    <class name="com.asiainfo.biframe.privilege.model.User_Company" table="USER_COMPANY">
  		<id name="deptid" column="DEPTID" type="java.lang.Integer">
			<generator class="assigned" />
		</id>

        <property name="parentid" type="java.lang.Integer">
            <column name="PARENTID"/>
        </property>
        <property name="title" type="string">
            <column name="TITLE" />
        </property>
        <property name="notes" type="string">
            <column name="NOTES"  />
        </property>
        <property name="serviceCode" type="string">
            <column name="SERVICE_CODE"  />
        </property>
     	<property name="sortNum" type="java.lang.Integer">
            <column name="SORTNUM"/>
        </property>
        <property name="status" type="string">
            <column name="STATUS" length="16" />
        </property>
        <property name="deleteTime" type="string">
            <column name="DELETE_TIME"  />
        </property>
        <property name="cityId" type="string">
            <column name="CITYID"  />
        </property>
    </class>
</hibernate-mapping>
