<?xml version="1.0"?>
<!DOCTYPE hibernate-mapping PUBLIC "-//Hibernate/Hibernate Mapping DTD 3.0//EN"
"http://hibernate.sourceforge.net/hibernate-mapping-3.0.dtd">
<!-- Generated 2011-8-17 14:43:19 by Hibernate Tools 3.2.5.Beta -->
<hibernate-mapping>
    <class name="com.asiainfo.biframe.privilege.model.UserExtInfoDefine" table="USER_EXT_INFO_DEFINE">
        <id name="extId" type="string">
            <column name="EXT_ID" length="32" />
            <generator class="assigned" />
        </id>
        <property name="extName" type="string">
            <column name="EXT_NAME" />
        </property>
        <property name="description" type="string">
            <column name="DESCRIPTION" />
        </property>
    </class>
</hibernate-mapping>
