﻿<?xml version="1.0" encoding="utf-8"?>
<!DOCTYPE hibernate-mapping PUBLIC "-//Hibernate/Hibernate Mapping DTD 3.0//EN"
"http://hibernate.sourceforge.net/hibernate-mapping-3.0.dtd">
<hibernate-mapping>
    <class name="com.asiainfo.biframe.privilege.model.UserOperationDefine" table="USER_OPERATION_DEFINE">
        <id name="operationId" column="OPERATIONID" type="string">
            <generator class="assigned"/>
        </id>
         <property name="operationName" type="string">
            <column name="OPERATIONNAME"  />
        </property>
        <property name="operationKey" type="string">
            <column name="OPERATIONKEY"  />
        </property>
        <property name="parentId" type="string">
            <column name="PARENTID"  />
        </property>
        <property name="resourceType" type="integer">
			<column name="RESOURCETYPE" />
		</property> 
    </class>
</hibernate-mapping>
