﻿<?xml version="1.0" encoding="utf-8"?>
<!DOCTYPE hibernate-mapping PUBLIC "-//Hibernate/Hibernate Mapping DTD 3.0//EN"
"http://hibernate.sourceforge.net/hibernate-mapping-3.0.dtd">
<hibernate-mapping>
    <class name="com.asiainfo.biframe.privilege.model.UserApplication" table="USER_APPLICATION">
  		<id name="applicationId" column="APPLICATION_ID" type="string">
			<generator class="assigned" />
		</id>
        <property name="applicationName" type="string">
            <column name="APPLICATION_NAME"/>
        </property>
        <property name="note" type="string">
            <column name="NOTE" />
        </property>
    </class>
</hibernate-mapping>
