﻿<?xml version="1.0" encoding="utf-8"?>
<!DOCTYPE hibernate-mapping PUBLIC "-//Hibernate/Hibernate Mapping DTD 3.0//EN"
"http://hibernate.sourceforge.net/hibernate-mapping-3.0.dtd">
<hibernate-mapping>
    <class name="com.asiainfo.biframe.privilege.model.UserOaMap" table="USER_OA_MAP">
        <id name="oaUserId" type="string">
            <column name="OAUSERID" length="32" />
            <generator class="uuid.hex"/>
        </id>
        <property name="roleType" type="string">
            <column name="ROLETYPE" length="32" />
        </property>
        <property name="roleId" type="string">
            <column name="ROLEID" length="32" />
        </property>
    </class>
</hibernate-mapping>
