﻿<?xml version="1.0" encoding="utf-8"?>
<!DOCTYPE hibernate-mapping PUBLIC "-//Hibernate/Hibernate Mapping DTD 3.0//EN"
"http://hibernate.sourceforge.net/hibernate-mapping-3.0.dtd">
<hibernate-mapping>
    <class name="com.asiainfo.biframe.privilege.model.UserGroupMap" table="USER_GROUP_MAP">
        <composite-id>
            <key-property name="userid" type="string">
                <column name="USERID" />
            </key-property>
            <key-property name="groupId" type="string">
                <column name="GROUP_ID"  />
            </key-property>
        </composite-id>
    </class>
</hibernate-mapping>
