﻿<?xml version="1.0" encoding="utf-8"?>
<!DOCTYPE hibernate-mapping PUBLIC "-//Hibernate/Hibernate Mapping DTD 3.0//EN"
"http://hibernate.sourceforge.net/hibernate-mapping-3.0.dtd">
<hibernate-mapping>
    <class name="com.asiainfo.biframe.privilege.model.UserRightApply" table="USER_RIGHT_APPLY">
  		<id name="applyId" type="string">
            <column name="APPLY_ID" length="32" />
            <generator class="uuid.hex"/>
        </id>
        <property name="proposerId" type="string" not-null="true">
            <column name="PROPOSER_ID"/>
        </property>
        <property name="proposerName" type="string" not-null="true">
            <column name="PROPOSER_NAME" />
        </property>
        <property name="applyTime" type="java.util.Date" not-null="true">
            <column name="APPLY_TIME"/>
        </property>
        <property name="state" type="string" not-null="true">
            <column name="STATE" />
        </property>
        <property name="beginDate" type="java.util.Date" not-null="true">
            <column name="BEGIN_DATE"/>
        </property>
        <property name="endDate" type="java.util.Date" not-null="true">
            <column name="END_DATE" />
        </property>
        <property name="approvalTime" type="java.util.Date">
            <column name="APPROVAL_TIME"/>
        </property>
        <property name="approverId" type="string">
            <column name="APPROVER_ID" />
        </property>
        <property name="approverName" type="string">
            <column name="APPROVER_NAME"/>
        </property>
        <property name="approverPhone" type="string">
            <column name="APPROVER_PHONE" />
        </property>
        <property name="electronicCode" type="string">
            <column name="ELECTRONIC_CODE"/>
        </property>
        <property name="applySmsMessage" type="string">
            <column name="APPLY_SMS_MESSAGE" />
        </property>
                <property name="applyType" type="string">
            <column name="APPLY_TYPE" />
        </property>
        <!-- 
        <set name="applyRights" lazy="true" cascade="all-delete-orphan" inverse="true">
        	<key><column name="APPLY_ID" not-null="true" /></key>
        	<one-to-many class="com.asiainfo.biframe.privilege.items.UserTempRight" />
   	 	</set>
   	 	 -->
    </class>
</hibernate-mapping>
