<?xml version="1.0"?>
<!DOCTYPE hibernate-mapping PUBLIC "-//Hibernate/Hibernate Mapping DTD 3.0//EN"
"http://hibernate.sourceforge.net/hibernate-mapping-3.0.dtd">
<!-- Generated 2012-6-19 10:28:22 by Hibernate Tools 3.2.5.Beta -->
<hibernate-mapping>
    <class name="com.asiainfo.biframe.privilege.model.UserUserBak"  table="USER_USER_BAK" dynamic-insert="true">
    	<id name="userBakId" type="string">
            <column name="USER_BAK_ID" length="32" />
            <generator class="uuid.hex"/>
        </id>
        <property name="userid" type="java.lang.String">
            <column name="USERID" />
        </property>
        <property name="deleteTime" type="java.lang.String">
            <column name="DELETE_TIME" />
        </property>
        <property name="cityid" type="java.lang.String">
            <column name="CITYID" />
        </property>
        <property name="departmentid" type="int">
            <column name="DEPARTMENTID" />
        </property>
        <property name="username" type="java.lang.String">
            <column name="USERNAME" />
        </property>
        <property name="pwd" type="java.lang.String">
            <column name="PWD" />
        </property>
        <property name="status" type="int">
            <column name="STATUS" />
        </property>
        <property name="begindate" type="java.util.Date">
            <column name="BEGINDATE" />
        </property>
        <property name="enddate" type="java.util.Date">
            <column name="ENDDATE" />
        </property>
        <property name="createtime" type="java.util.Date">
            <column name="CREATETIME" />
        </property>
        <property name="birthday" type="java.util.Date">
            <column name="BIRTHDAY" />
        </property>
        <property name="mobilephone" type="java.lang.String">
            <column name="MOBILEPHONE" />
        </property>
        <property name="mobilephone1" type="java.lang.String">
            <column name="MOBILEPHONE1" />
        </property>
        <property name="mobilephone2" type="java.lang.String">
            <column name="MOBILEPHONE2" />
        </property>
        <property name="homephone" type="java.lang.String">
            <column name="HOMEPHONE" />
        </property>
        <property name="officephone" type="java.lang.String">
            <column name="OFFICEPHONE" />
        </property>
        <property name="officefax" type="java.lang.String">
            <column name="OFFICEFAX" />
        </property>
        <property name="email" type="java.lang.String">
            <column name="EMAIL" />
        </property>
        <property name="email1" type="java.lang.String">
            <column name="EMAIL1" />
        </property>
        <property name="email2" type="java.lang.String">
            <column name="EMAIL2" />
        </property>
        <property name="notes" type="java.lang.String">
            <column name="NOTES" />
        </property>
        <property name="dutyid" type="java.lang.Integer">
            <column name="DUTYID" />
        </property>
        <property name="sex" type="java.lang.String">
            <column name="SEX" />
        </property>
        <property name="age" type="java.lang.String">
            <column name="AGE" />
        </property>
        <property name="address" type="java.lang.String">
            <column name="ADDRESS" />
        </property>
        <property name="postalcode" type="java.lang.String">
            <column name="POSTALCODE" />
        </property>
        <property name="nation" type="java.lang.String">
            <column name="NATION" />
        </property>
        <property name="passportNo" type="java.lang.String">
            <column name="PASSPORTNO" />
        </property>
        <property name="director" type="java.lang.String">
            <column name="DIRECTOR" />
        </property>
        <property name="sensitiveDataLevel" type="java.lang.String">
            <column name="SENSITIVE_DATA_LEVEL" />
        </property>
        <property name="domainType" type="java.lang.String">
            <column name="DOMAIN_TYPE" />
        </property>
    </class>
</hibernate-mapping>
