﻿<?xml version="1.0" encoding="utf-8"?>
<!DOCTYPE hibernate-mapping PUBLIC "-//Hibernate/Hibernate Mapping DTD 3.0//EN"
"http://hibernate.sourceforge.net/hibernate-mapping-3.0.dtd">
<hibernate-mapping>
    <class name="com.asiainfo.biframe.privilege.model.UserRole" table="USER_ROLE">
        <id name="roleId" type="string">
            <column name="ROLE_ID" length="32" />
            <generator class="uuid.hex"/>
        </id>
        <property name="roleName" type="string">
            <column name="ROLE_NAME" length="128" />
        </property>
        <property name="parentId" type="string">
            <column name="PARENT_ID" length="32" />
        </property>
        <property name="roleType" type="integer">
            <column name="ROLE_TYPE"  />
        </property>
        <property name="resourceType" type="integer">
            <column name="RESOURCETYPE" />
        </property>
        <property name="status" type="integer">
            <column name="STATUS" />
        </property>
        <property name="createTime" type="java.util.Date">
            <column name="CREATE_TIME"  />
        </property>
        <property name="beginDate" type="java.util.Date">
            <column name="BEGIN_DATE" />
        </property>
        <property name="endDate" type="java.util.Date">
            <column name="END_DATE" />
        </property>
        <property name="userLimit" type="integer">
            <column name="USER_LIMIT" />
        </property>
        <property name="createGroup" type="string">
            <column name="CREATE_GROUP" length="32" />
        </property>
        <property name="deleteTime" type="string">
            <column name="DELETE_TIME"  />
        </property>
        <property name="classifyId" type="string">
            <column name="CLASSIFY_ID"  />
        </property>
    </class>
</hibernate-mapping>
