<?xml version="1.0"?>
<!DOCTYPE hibernate-mapping PUBLIC "-//Hibernate/Hibernate Mapping DTD 3.0//EN"
"http://hibernate.sourceforge.net/hibernate-mapping-3.0.dtd">
<!-- Generated 2011-8-17 14:43:19 by Hibernate Tools 3.2.5.Beta -->
<hibernate-mapping>
    <class name="com.asiainfo.biframe.privilege.model.UserExtInfo" table="USER_EXT_INFO">
        <composite-id>
            <key-property name="extId" type="string">
                <column name="EXT_ID" length="32" />
            </key-property>
            <key-property name="userId" type="string">
                <column name="USER_ID" length="32" />
            </key-property>
        </composite-id>
        <property name="extName" type="string">
            <column name="EXT_NAME" />
        </property>
        <property name="extValue" type="string">
            <column name="EXT_VALUE" length="64" />
        </property>
    </class>
</hibernate-mapping>
