﻿<?xml version="1.0" encoding="utf-8"?>
<!DOCTYPE hibernate-mapping PUBLIC "-//Hibernate/Hibernate Mapping DTD 3.0//EN"
"http://hibernate.sourceforge.net/hibernate-mapping-3.0.dtd">
<hibernate-mapping>
    <class name="com.asiainfo.biframe.privilege.model.UserUserExt" table="USER_USER_EXT">
        <id name="userid" type="string">
            <column name="USERID" length="32" />
            <generator class="assigned" />
        </id>
        <property name="param0" type="string">
            <column name="PARAM0" length="64" />
        </property>
        <property name="param1" type="string">
            <column name="PARAM1" length="64" />
        </property>
        <property name="param2" type="string">
            <column name="PARAM2" length="64" />
        </property>
        <property name="param3" type="string">
            <column name="PARAM3" length="64" />
        </property>
        <property name="param4" type="string">
            <column name="PARAM4" length="64" />
        </property>
        <property name="param5" type="string">
            <column name="PARAM5" length="64" />
        </property>
        <property name="param6" type="string">
            <column name="PARAM6" length="64" />
        </property>
        <property name="param7" type="string">
            <column name="PARAM7" length="64" />
        </property>
        <property name="loginNum" type="string">
            <column name="loginNum" length="8" />
        </property>
        <property name="kpiNum" type="string">
            <column name="kpiNum" length="8" />
        </property>
        <property name="kpiName" type="string">
            <column name="kpiName" length="64" />
        </property>
        <property name="smsKpiName" type="string">
            <column name="smsKpiName" length="255" />
        </property>
        <property name="param8" type="string">
            <column name="PARAM8" length="1" />
        </property>
    </class>
</hibernate-mapping>
