﻿<?xml version="1.0" encoding="utf-8"?>
<!DOCTYPE hibernate-mapping PUBLIC "-//Hibernate/Hibernate Mapping DTD 3.0//EN"
"http://hibernate.sourceforge.net/hibernate-mapping-3.0.dtd">
<hibernate-mapping>
    <class name="com.asiainfo.biframe.privilege.model.User_Duty" table="USER_DUTY">
  
        <id name="dutyid" type="java.lang.Integer">
			<generator class="increment" />
		</id>

        <property name="title" type="string">
            <column name="TITLE" length="128"/>
        </property>
        <property name="parentid" type="integer">
            <column name="PARENTID" />
        </property>
        <property name="cityid" type="string">
            <column name="CITYID" length="30" />
        </property>
        <property name="status" type="string">
            <column name="STATUS" length="16" />
        </property>
        <property name="deleteTime" type="string">
            <column name="DELETE_TIME"  />
        </property>
     
    </class>
</hibernate-mapping>
