﻿<?xml version="1.0" encoding="utf-8"?>
<!DOCTYPE hibernate-mapping PUBLIC "-//Hibernate/Hibernate Mapping DTD 3.0//EN"
"http://hibernate.sourceforge.net/hibernate-mapping-3.0.dtd">
<hibernate-mapping>
    <class name="com.asiainfo.biframe.privilege.model.User_User" table="USER_USER" dynamic-insert="true" dynamic-update="true">
        <id name="userid" type="string">
            <column name="USERID" length="32" />
            <generator class="assigned" />
        </id>
        
            
        <!-- added by chenxu 新增用户职务 -->
        <property name="dutyid" type="integer">
            <column name="DUTYID" length="8" />
        </property>
         <property name="sex" type="string">
            <column name="sex" length="8" />
        </property>
        <property name="age" type="string">
            <column name="age" length="4" />
        </property>
        <property name="address" type="string">
            <column name="address" length="255" />
        </property>
        <property name="postalcode" type="string">
            <column name="postalcode" length="24" />
        </property>
        <property name="nation" type="string">
            <column name="nation" length="32" />
        </property>
        <property name="passportNo" type="string">
            <column name="passportNo" length="24" />
        </property>
        <property name="director" type="string">
            <column name="director" length="255" />
        </property>
        <property name="cityid" type="string">
            <column name="CITYID" length="8"  />
        </property>
        <property name="departmentid" type="integer">
            <column name="DEPARTMENTID" />
        </property>
        <property name="username" type="string">
            <column name="USERNAME" length="32" />
        </property>
        <property name="pwd" type="string">
            <column name="PWD" length="64" />
        </property>
        <property name="status" type="integer">
            <column name="STATUS" />
        </property>
        <property name="begindate" type="java.util.Date">
            <column name="BEGINDATE" />
        </property>
        <property name="enddate" type="java.util.Date">
            <column name="ENDDATE" />
        </property>
        <property name="createtime" type="java.util.Date">
            <column name="CREATETIME" />
        </property>
        <property name="birthday" type="java.util.Date">
            <column name="BIRTHDAY" />
        </property>
        <property name="mobilephone" type="string">
            <column name="MOBILEPHONE" length="24" />
        </property>
        <property name="mobilephone1" type="string">
            <column name="MOBILEPHONE1" length="24" />
        </property>
        <property name="mobilephone2" type="string">
            <column name="MOBILEPHONE2" length="24" />
        </property>
        <property name="homephone" type="string">
            <column name="HOMEPHONE" length="24" />
        </property>
        <property name="officephone" type="string">
            <column name="OFFICEPHONE" length="24" />
        </property>
        <property name="officefax" type="string">
            <column name="OFFICEFAX" length="24" />
        </property>
        <property name="email" type="string">
            <column name="EMAIL" length="64" />
        </property>
        <property name="email1" type="string">
            <column name="EMAIL1" length="64" />
        </property>
        <property name="email2" type="string">
            <column name="EMAIL2" length="64" />
        </property>
        <property name="notes" type="string">
            <column name="NOTES" />
        </property>
        <property name="deleteTime" type="string">
            <column name="DELETE_TIME"  />
        </property>
        <property name="sensitiveDataLevel" type="string">
            <column name="SENSITIVE_DATA_LEVEL"  />
        </property>
        <property name="domainType" type="string">
            <column name="DOMAIN_TYPE"/>
        </property>
        
    </class>
</hibernate-mapping>
