﻿<?xml version="1.0" encoding="utf-8"?>
<!DOCTYPE hibernate-mapping PUBLIC "-//Hibernate/Hibernate Mapping DTD 3.0//EN"
"http://hibernate.sourceforge.net/hibernate-mapping-3.0.dtd">
<hibernate-mapping package="com.asiainfo.biframe.privilege.model">

    <class name="User_Group" table="USER_GROUP">
        <id name="groupid" column="GROUP_ID" type="java.lang.String">
            <generator class="uuid.hex">
            </generator>
        </id>
 
        <property name="groupname" column="GROUP_NAME" type="java.lang.String"  not-null="true" />
        <property name="parentid" column="PARENT_ID" type="java.lang.String"   not-null="true"/>
        <property name="status" column="STATUS" type="java.lang.Long" not-null="true" />
        <property name="createtime" column="CREATE_TIME" type="java.util.Date" />
        <property name="begindate" column="BEGIN_DATE" type="java.util.Date" />
        <property name="enddate" column="END_DATE" type="java.util.Date" />
        <property name="userlimit" column="USER_LIMIT" type="java.lang.Long"/>
        <property name="sortnum" column="SORTNUM" not-null="true" type="integer"/>
        <property name="deleteTime" type="string">
            <column name="DELETE_TIME"  />
        </property>
    </class>
    
</hibernate-mapping>
