﻿<?xml version="1.0" encoding="utf-8"?>
<!DOCTYPE hibernate-mapping PUBLIC "-//Hibernate/Hibernate Mapping DTD 3.0//EN"
"http://hibernate.sourceforge.net/hibernate-mapping-3.0.dtd">
<hibernate-mapping>
    <class name="com.asiainfo.biframe.privilege.model.User_City" table="USER_CITY">
  		<id name="cityId" column="CITYID" type="string">
			<generator class="assigned" />
		</id>

        <property name="parentId" type="string">
            <column name="PARENTID"/>
        </property>
        <property name="cityName" type="string">
            <column name="CITYNAME" />
        </property>
        <property name="sortNum" type="integer">
            <column name="SORTNUM"/>
        </property>
        <property name="dmCityId" type="string">
            <column name="DM_CITY_ID"  />
        </property>
         <property name="dmCountyId" type="string">
            <column name="DM_COUNTY_ID"  />
        </property>
         <property name="dmDeptId" type="string">
            <column name="DM_DEPT_ID"  />
        </property>
        <property name="resourceType" type="integer">
            <column name="RESOURCE_TYPE"  />
        </property>
        <property name="dmTypeId" type="string">
            <column name="DM_TYPE_ID"  />
        </property>
        <property name="dmTypeCode" type="string">
            <column name="DM_TYPE_CODE"  />
        </property>
     	
    </class>
</hibernate-mapping>
