<?xml version="1.0" encoding="utf-8"?>
<!DOCTYPE hibernate-mapping PUBLIC "-//Hibernate/Hibernate Mapping DTD 3.0//EN"
"http://hibernate.sourceforge.net/hibernate-mapping-3.0.dtd">
<!-- 
    Mapping file autogenerated by MyEclipse Persistence Tools
-->
<hibernate-mapping>
    <class name="com.ai.bdx.frame.privilegeServiceExt.model.privilege.TdCitycode" table="TD_I_CITYCODE_MCD">
        <id name="cityCode" type="java.lang.String">
            <column name="CITY_CODE" length="20" />
            <generator class="assigned" />
        </id>
        <property name="cityName" type="java.lang.String">
            <column name="CITY_NAME" length="100" />
        </property>
        <property name="remark" type="java.lang.String">
            <column name="REMARK" length="50" />
        </property>
        <property name="eparchyId" type="java.lang.String">
            <column name="EPARCHY_CODE" length="20" />
        </property>
        <property name="orderId" type="java.lang.String">
            <column name="ORDER_ID" length="2" />
        </property>
    </class>
</hibernate-mapping>
