<?xml version="1.0" encoding="UTF-8" ?>
<!DOCTYPE struts PUBLIC
    "-//Apache Software Foundation//DTD Struts Configuration 2.0//EN"
    "http://struts.apache.org/dtds/struts-2.0.dtd">

<struts>
	<constant name="struts.i18n.encoding" value="UTF-8" />
	<constant name="struts.action.extension" value="ai2do"/>
	<package name="common" extends="struts-default">
		<!-- 配置全局的属性 -->
		<!-- 指Action抛出Exception异常时，转入名为exception的结果。 -->
		<global-results>
			<result name="index">/index.jsp</result>
			<result name="exception">/aibi_core/public/error.jsp</result>
			<result name="finish">/aibi_core/public/finish.jsp</result>
		</global-results>
		<global-exception-mappings>
			<exception-mapping exception="java.lang.Exception"	result="exception" />
		</global-exception-mappings>
	</package>
</struts>
